ville,temperature_type,jour,date,slug,option,token_yes,bestBid,bidVolume,bestAsk,askVolume,_collecte_le
New york,highest,J+0,2026-09-05,highest-temperature-in-nyc-on-september-5-2026,69°F or below,43588171894489826192745252025271374010245935202248946829864782669981739076635,,,0.001,5194.98,2026-09-05T06:00:57.740455+00:00
New york,highest,J+0,2026-09-05,highest-temperature-in-nyc-on-september-5-2026,70-71°F,104112119678622859446877854126050283856084924931122588479034705256862811056701,,,0.001,5484.45,2026-09-05T06:00:57.740455+00:00
New york,highest,J+0,2026-09-05,highest-temperature-in-nyc-on-september-5-2026,72-73°F,20141424503329741612566906967873517893555570096265888361514990927468139756961,,,0.001,4999.24,2026-09-05T06:00:57.740455+00:00
New york,highest,J+0,2026-09-05,highest-temperature-in-nyc-on-september-5-2026,74-75°F,30203192415656868468426049924201896480604854377779552799650031213713598152863,,,0.001,2541.31,2026-09-05T06:00:57.740455+00:00
New york,highest,J+0,2026-09-05,highest-temperature-in-nyc-on-september-5-2026,76-77°F,26113933926154869097435288533073136931573144868561529118247880958060951773832,0.07,88.62,0.08,5,2026-09-05T06:00:57.740455+00:00
New york,highest,J+0,2026-09-05,highest-temperature-in-nyc-on-september-5-2026,78-79°F,49687106200225603347343738257125791838837951311441146090348470521601198253016,0.17,5,0.18,9.99,2026-09-05T06:00:57.740455+00:00
New york,highest,J+0,2026-09-05,highest-temperature-in-nyc-on-september-5-2026,80-81°F,3039879964793395858710999611025069714890316876797650357076732522269467118475,0.62,48.47,0.64,11,2026-09-05T06:00:57.740455+00:00
New york,highest,J+0,2026-09-05,highest-temperature-in-nyc-on-september-5-2026,82-83°F,62886717848630589457222485226720271752995500532092023085905454575255012152185,0.1,5,0.11,222.99,2026-09-05T06:00:57.740455+00:00
New york,highest,J+0,2026-09-05,highest-temperature-in-nyc-on-september-5-2026,84-85°F,114876106208975559042497586277342384618542959778920560828472633897373817216943,0.01,310,0.02,60.96,2026-09-05T06:00:57.740455+00:00
New york,highest,J+0,2026-09-05,highest-temperature-in-nyc-on-september-5-2026,86-87°F,15364871495779300641869046211295335338296952155605127737573106962671213470583,0.001,90.01,0.002,184.91,2026-09-05T06:00:57.740455+00:00
New york,highest,J+0,2026-09-05,highest-temperature-in-nyc-on-september-5-2026,88°F or higher,25756852343946030283814828996736548612693247783603755857126537343556602095497,,,0.001,354.16,2026-09-05T06:00:57.740455+00:00
New york,highest,J+1,2026-09-06,highest-temperature-in-nyc-on-september-6-2026,68-69°F,45801314877813080750048779281756305737931344083852990622973553035938956346048,,,0.02,451.98,2026-09-05T06:01:00.767484+00:00
New york,highest,J+1,2026-09-06,highest-temperature-in-nyc-on-september-6-2026,70-71°F,7585830583910008336038832653725774582052428289868674819545424555781048569557,0.02,218.5,0.03,10,2026-09-05T06:01:00.767484+00:00
New york,highest,J+1,2026-09-06,highest-temperature-in-nyc-on-september-6-2026,72-73°F,55611334141579387697370862632787617675162507084064825519774540238412988579964,0.03,167,0.05,50.85,2026-09-05T06:01:00.767484+00:00
New york,highest,J+1,2026-09-06,highest-temperature-in-nyc-on-september-6-2026,74-75°F,29154247336307371993037332039437030271716598278506632232662866027580489507446,0.26,185.94,0.29,5,2026-09-05T06:01:00.767484+00:00
New york,highest,J+1,2026-09-06,highest-temperature-in-nyc-on-september-6-2026,76-77°F,66115725655804546886268519914442241370848745175250970631916785425029704393227,0.48,351,0.53,80.43,2026-09-05T06:01:00.767484+00:00
New york,highest,J+1,2026-09-06,highest-temperature-in-nyc-on-september-6-2026,78-79°F,42981443457367468717283515680647538157803892289098128708400737784107294184233,0.15,5,0.18,75,2026-09-05T06:01:00.767484+00:00
New york,highest,J+1,2026-09-06,highest-temperature-in-nyc-on-september-6-2026,80-81°F,73692585254227073456710090104465007238813022708185234515116296950629790765430,0.025,10,0.028,10,2026-09-05T06:01:00.767484+00:00
New york,highest,J+1,2026-09-06,highest-temperature-in-nyc-on-september-6-2026,82-83°F,62619755244010081262296052464865266239138526739259968655077627152183880903192,0.002,1010,0.009,87.61,2026-09-05T06:01:00.767484+00:00
New york,highest,J+1,2026-09-06,highest-temperature-in-nyc-on-september-6-2026,84°F or higher,107916100322219859247126840309888263377292951170472742067868480851227651572719,0.002,48,0.01,510.06,2026-09-05T06:01:00.767484+00:00
New york,highest,J+1,2026-09-06,highest-temperature-in-nyc-on-september-6-2026,65°F or below,62308102409209351097646101940491856521295881380645677933328647397343379186587,0.001,943.69,0.004,20,2026-09-05T06:01:00.767484+00:00
New york,highest,J+1,2026-09-06,highest-temperature-in-nyc-on-september-6-2026,66-67°F,22995133265181216926041557627794877615839656292927518289473159334053934401830,0.001,3,0.002,39.99,2026-09-05T06:01:00.767484+00:00
New york,lowest,J+0,2026-09-05,lowest-temperature-in-nyc-on-september-5-2026,61°F or below,108683316276317196869676805399302186986232097876608971389212460326396526815216,,,0.002,129,2026-09-05T06:01:03.779472+00:00
New york,lowest,J+0,2026-09-05,lowest-temperature-in-nyc-on-september-5-2026,62-63°F,50526306040462806634939252406425874858876239160628914688162858076184741837479,,,0.004,41.47,2026-09-05T06:01:03.779472+00:00
New york,lowest,J+0,2026-09-05,lowest-temperature-in-nyc-on-september-5-2026,64-65°F,45767350126067394713324796471641723378258068837184589324445741986010327394693,0.01,74.4,0.03,17,2026-09-05T06:01:03.779472+00:00
New york,lowest,J+0,2026-09-05,lowest-temperature-in-nyc-on-september-5-2026,66-67°F,39442262287389752932517538233399052409451752675608419042976947325875357264198,0.04,25,0.09,19.99,2026-09-05T06:01:03.779472+00:00
New york,lowest,J+0,2026-09-05,lowest-temperature-in-nyc-on-september-5-2026,68-69°F,6724274551771192937028904539189255951256531859699839149007056462282818683156,0.29,21,0.34,83,2026-09-05T06:01:03.779472+00:00
New york,lowest,J+0,2026-09-05,lowest-temperature-in-nyc-on-september-5-2026,70-71°F,42613931731125626149779124300800634272285525789677744814325157221566636294433,0.47,139.96,0.49,119.01,2026-09-05T06:01:03.779472+00:00
New york,lowest,J+0,2026-09-05,lowest-temperature-in-nyc-on-september-5-2026,72-73°F,5993604133832850273467592669236818504827729958483503981731781511080906603468,0.021,47.61,0.15,5,2026-09-05T06:01:03.779472+00:00
New york,lowest,J+0,2026-09-05,lowest-temperature-in-nyc-on-september-5-2026,74-75°F,66701279359956269808295669989123544424819112810306173162951508461465635129294,0.003,1.87,0.017,17,2026-09-05T06:01:03.779472+00:00
New york,lowest,J+0,2026-09-05,lowest-temperature-in-nyc-on-september-5-2026,76-77°F,63682433022590474300631174066120982449232041032398625527312563126759079962039,0.001,33.11,0.009,85,2026-09-05T06:01:03.779472+00:00
New york,lowest,J+0,2026-09-05,lowest-temperature-in-nyc-on-september-5-2026,78-79°F,96799316414426508328054734286130030563163583043080527884976282057148386403655,,,0.001,750.6,2026-09-05T06:01:03.779472+00:00
New york,lowest,J+0,2026-09-05,lowest-temperature-in-nyc-on-september-5-2026,80°F or higher,54536034981608146936944687395066055065273008652622510013669681102175077036641,,,0.001,179,2026-09-05T06:01:03.779472+00:00
New york,lowest,J+1,2026-09-06,lowest-temperature-in-nyc-on-september-6-2026,57°F or below,11803057001968638859061628606992874828711695196243978157842551621403864737290,0.001,459,0.018,10,2026-09-05T06:01:06.680349+00:00
New york,lowest,J+1,2026-09-06,lowest-temperature-in-nyc-on-september-6-2026,58-59°F,44762650159576253874489211678560528950164399737742886548974280473347088381502,0.001,206,0.019,9,2026-09-05T06:01:06.680349+00:00
New york,lowest,J+1,2026-09-06,lowest-temperature-in-nyc-on-september-6-2026,60-61°F,62045303627640196404934357529508388770630594285993269261962515802357138603457,0.001,119,0.025,20.35,2026-09-05T06:01:06.680349+00:00
New york,lowest,J+1,2026-09-06,lowest-temperature-in-nyc-on-september-6-2026,62-63°F,32290309379785116599333301871797031254505721337880358121677900799116842964442,0.09,7.54,0.11,12,2026-09-05T06:01:06.680349+00:00
New york,lowest,J+1,2026-09-06,lowest-temperature-in-nyc-on-september-6-2026,64-65°F,71776566978238834222962899244983836737863768914451459247103693981211620807845,0.28,7.16,0.29,246.94,2026-09-05T06:01:06.680349+00:00
New york,lowest,J+1,2026-09-06,lowest-temperature-in-nyc-on-september-6-2026,66-67°F,34000460171145648577073637776472789828276203246028181008491432798048108777301,0.48,20,0.49,155.28,2026-09-05T06:01:06.680349+00:00
New york,lowest,J+1,2026-09-06,lowest-temperature-in-nyc-on-september-6-2026,68-69°F,100605436705636644247855812511404198461856437081967736690026065900507064212778,,,0.18,9,2026-09-05T06:01:06.680349+00:00
New york,lowest,J+1,2026-09-06,lowest-temperature-in-nyc-on-september-6-2026,70-71°F,76812349664623919179564955867012388656731105402686713244358127786089855880095,,,0.11,20.35,2026-09-05T06:01:06.680349+00:00
New york,lowest,J+1,2026-09-06,lowest-temperature-in-nyc-on-september-6-2026,72-73°F,25413537650948255715758183754621404743830792428498123861820563958544875222032,0.001,119,0.018,20.35,2026-09-05T06:01:06.680349+00:00
New york,lowest,J+1,2026-09-06,lowest-temperature-in-nyc-on-september-6-2026,74-75°F,10430654730503712343515522309183669131582824797424168976953439588221689197332,0.001,209,0.018,10,2026-09-05T06:01:06.680349+00:00
New york,lowest,J+1,2026-09-06,lowest-temperature-in-nyc-on-september-6-2026,76°F or higher,67543817336179318987324196153601021983755973432395310432474489941465416284896,0.001,559,0.018,10,2026-09-05T06:01:06.680349+00:00
Miami,highest,J+0,2026-09-05,highest-temperature-in-miami-on-september-5-2026,84-85°F,25948492023725098957422045070879294072219735978287111875954598784116579757871,0.001,120,0.015,34.7,2026-09-05T06:01:09.682649+00:00
Miami,highest,J+0,2026-09-05,highest-temperature-in-miami-on-september-5-2026,86-87°F,20155973709714290121724491506339516988315624289990089874224471355210359512024,0.03,5,0.04,101.67,2026-09-05T06:01:09.682649+00:00
Miami,highest,J+0,2026-09-05,highest-temperature-in-miami-on-september-5-2026,88-89°F,88744052357562565658912659875038753072267276445631467341338432599022006042023,0.25,380.48,0.27,66.25,2026-09-05T06:01:09.682649+00:00
Miami,highest,J+0,2026-09-05,highest-temperature-in-miami-on-september-5-2026,90-91°F,18177656871795854032663480796937524436192056860239337883660190355995189728,0.54,2.93,0.55,46.81,2026-09-05T06:01:09.682649+00:00
Miami,highest,J+0,2026-09-05,highest-temperature-in-miami-on-september-5-2026,92-93°F,33309362306228741323455121471680981832126618942483520804639985817304673676646,0.15,10,0.16,10.62,2026-09-05T06:01:09.682649+00:00
Miami,highest,J+0,2026-09-05,highest-temperature-in-miami-on-september-5-2026,94-95°F,50064761575980482832084959766754256040450110975727878024386139985385249271448,0.002,942.16,0.006,269.05,2026-09-05T06:01:09.682649+00:00
Miami,highest,J+0,2026-09-05,highest-temperature-in-miami-on-september-5-2026,96-97°F,20681311036758162382129392956440297149031893608786903728137482504961841326007,,,0.001,205.39,2026-09-05T06:01:09.682649+00:00
Miami,highest,J+0,2026-09-05,highest-temperature-in-miami-on-september-5-2026,98°F or higher,48148304430853409506450182165353703409056430281395195811503546839455977507393,,,0.001,202.47,2026-09-05T06:01:09.682649+00:00
Miami,highest,J+0,2026-09-05,highest-temperature-in-miami-on-september-5-2026,79°F or below,12467931729954925603842088415131915694687322362862187554073397329508584789641,,,0.001,5091,2026-09-05T06:01:09.682649+00:00
Miami,highest,J+0,2026-09-05,highest-temperature-in-miami-on-september-5-2026,80-81°F,47924868818876096469329634265174261934940722688989177743412530286780628491464,,,0.001,4806.93,2026-09-05T06:01:09.682649+00:00
Miami,highest,J+0,2026-09-05,highest-temperature-in-miami-on-september-5-2026,82-83°F,37071270815078064342403736309639076856925483016557216363663729532603022176962,,,0.001,3765.37,2026-09-05T06:01:09.682649+00:00
Miami,highest,J+1,2026-09-06,highest-temperature-in-miami-on-september-6-2026,79°F or below,28128742960799702121884188620745743087435551353775902080966981949526707245297,0.001,205.97,0.004,113.81,2026-09-05T06:01:12.673899+00:00
Miami,highest,J+1,2026-09-06,highest-temperature-in-miami-on-september-6-2026,80-81°F,76143572709226144247425646784049624342368893803317083903967715023495987054965,0.001,1064,0.002,10,2026-09-05T06:01:12.673899+00:00
Miami,highest,J+1,2026-09-06,highest-temperature-in-miami-on-september-6-2026,82-83°F,29259621586429394341219248880354876486680733442095713805824138838390364942082,0.005,467.02,0.01,304.08,2026-09-05T06:01:12.673899+00:00
Miami,highest,J+1,2026-09-06,highest-temperature-in-miami-on-september-6-2026,84-85°F,1948991307234581156060838513831766658999276835269702522486503739885233166439,0.01,328.49,0.02,75.71,2026-09-05T06:01:12.673899+00:00
Miami,highest,J+1,2026-09-06,highest-temperature-in-miami-on-september-6-2026,86-87°F,33731411667236154468932795742148653499866577819356143273717637575130587546799,0.02,729.59,0.04,6.66,2026-09-05T06:01:12.673899+00:00
Miami,highest,J+1,2026-09-06,highest-temperature-in-miami-on-september-6-2026,88-89°F,95648762766483993233845609404559092766502012521254559967657330038302350602557,0.26,206.25,0.28,429.02,2026-09-05T06:01:12.673899+00:00
Miami,highest,J+1,2026-09-06,highest-temperature-in-miami-on-september-6-2026,90-91°F,63694820185220788383708530252806894901460901040786923088732962918489415731498,0.5,445.77,0.51,7.17,2026-09-05T06:01:12.673899+00:00
Miami,highest,J+1,2026-09-06,highest-temperature-in-miami-on-september-6-2026,92-93°F,114552428022774798042376699630840771391205461511150142184461206830336966309683,0.16,1167.73,0.18,30,2026-09-05T06:01:12.673899+00:00
Miami,highest,J+1,2026-09-06,highest-temperature-in-miami-on-september-6-2026,94-95°F,30066056635923528478817976983418191794840809745428525219090750889852409641470,0.02,50,0.03,55,2026-09-05T06:01:12.673899+00:00
Miami,highest,J+1,2026-09-06,highest-temperature-in-miami-on-september-6-2026,96-97°F,27133269668485611992742354042526448217999216220472125674731176295276353149576,0.005,80,0.014,37.6,2026-09-05T06:01:12.673899+00:00
Miami,highest,J+1,2026-09-06,highest-temperature-in-miami-on-september-6-2026,98°F or higher,52180571346476503123176513352356067158901786735257568054945412441413883736550,0.005,70,0.009,384.12,2026-09-05T06:01:12.673899+00:00
Miami,lowest,J+0,2026-09-05,lowest-temperature-in-miami-on-september-5-2026,73°F or below,50742217818957316727786691144311573711477508445653049250337014292299371102941,0.002,10,0.009,60,2026-09-05T06:01:15.719327+00:00
Miami,lowest,J+0,2026-09-05,lowest-temperature-in-miami-on-september-5-2026,74-75°F,113338471664356883412769442186950162392167672459362549747688348384781195393506,0.01,62,0.18,10,2026-09-05T06:01:15.719327+00:00
Miami,lowest,J+0,2026-09-05,lowest-temperature-in-miami-on-september-5-2026,76-77°F,53367969282226523711243227741240797564446814058024022718111161376365488883765,0.14,50.46,0.21,21.98,2026-09-05T06:01:15.719327+00:00
Miami,lowest,J+0,2026-09-05,lowest-temperature-in-miami-on-september-5-2026,78-79°F,84107222510513555176551031739549743642318575106790100293194222922560511454151,0.09,6.26,0.44,5.26,2026-09-05T06:01:15.719327+00:00
Miami,lowest,J+0,2026-09-05,lowest-temperature-in-miami-on-september-5-2026,80-81°F,84295908911156032438612003691188097402422015305266674714829563075115487510478,0.14,7.14,0.5,14.92,2026-09-05T06:01:15.719327+00:00
Miami,lowest,J+0,2026-09-05,lowest-temperature-in-miami-on-september-5-2026,82-83°F,24391590097044967982737416311611059064398114238222796012161745300945063204615,0.02,10,0.18,9,2026-09-05T06:01:15.719327+00:00
Miami,lowest,J+0,2026-09-05,lowest-temperature-in-miami-on-september-5-2026,84-85°F,110255926533611345946144806849285382191546941801232142023917444566886034488842,,,0.001,1250,2026-09-05T06:01:15.719327+00:00
Miami,lowest,J+0,2026-09-05,lowest-temperature-in-miami-on-september-5-2026,86-87°F,50263882769128461298380625938262849524582610088769311144237604151949874851711,,,0.001,200,2026-09-05T06:01:15.719327+00:00
Miami,lowest,J+0,2026-09-05,lowest-temperature-in-miami-on-september-5-2026,88-89°F,73471415133507228738222400256720857063968518349955036517221499862705890945355,,,0.001,15,2026-09-05T06:01:15.719327+00:00
Miami,lowest,J+0,2026-09-05,lowest-temperature-in-miami-on-september-5-2026,90-91°F,43475006136479627531545061082138468658003702585360968534861147930625599919528,,,0.001,310.1,2026-09-05T06:01:15.719327+00:00
Miami,lowest,J+0,2026-09-05,lowest-temperature-in-miami-on-september-5-2026,92°F or higher,2958816401447858056439692568998623868251457282912834706910254256900553711890,,,0.001,410.1,2026-09-05T06:01:15.719327+00:00
Miami,lowest,J+1,2026-09-06,lowest-temperature-in-miami-on-september-6-2026,71°F or below,23644972873279121455386219098084118823141508630553687444672065354798738772459,,,0.08,19,2026-09-05T06:01:18.733954+00:00
Miami,lowest,J+1,2026-09-06,lowest-temperature-in-miami-on-september-6-2026,72-73°F,67754837448825058732306962816261726582762299269458498587623441004654284839334,,,0.14,19,2026-09-05T06:01:18.733954+00:00
Miami,lowest,J+1,2026-09-06,lowest-temperature-in-miami-on-september-6-2026,74-75°F,113720543803416824061679686662220396946938861131711152666261680545441507513060,,,0.23,18,2026-09-05T06:01:18.733954+00:00
Miami,lowest,J+1,2026-09-06,lowest-temperature-in-miami-on-september-6-2026,76-77°F,107878712176567549189017181997491478622013503910325787838162922628816996682287,0.33,41,0.39,10,2026-09-05T06:01:18.733954+00:00
Miami,lowest,J+1,2026-09-06,lowest-temperature-in-miami-on-september-6-2026,78-79°F,77386910662673908527869704721914059744371941569489892459458643218478802773963,0.44,103.27,0.45,204.58,2026-09-05T06:01:18.733954+00:00
Miami,lowest,J+1,2026-09-06,lowest-temperature-in-miami-on-september-6-2026,80-81°F,18148322133225775918061115839257267676463729256822194881873349508598905613782,0.16,61,0.17,42,2026-09-05T06:01:18.733954+00:00
Miami,lowest,J+1,2026-09-06,lowest-temperature-in-miami-on-september-6-2026,82-83°F,15110228544525589524222410965054181826246072243264473162196284367004059003552,,,0.12,12,2026-09-05T06:01:18.733954+00:00
Miami,lowest,J+1,2026-09-06,lowest-temperature-in-miami-on-september-6-2026,84-85°F,65781309964372511882390147107674811428572196370554826997572675299701650261077,,,0.07,18,2026-09-05T06:01:18.733954+00:00
Miami,lowest,J+1,2026-09-06,lowest-temperature-in-miami-on-september-6-2026,86-87°F,86383927204694114754941037259005069681182847267814188285357011493337434967387,,,0.07,19,2026-09-05T06:01:18.733954+00:00
Miami,lowest,J+1,2026-09-06,lowest-temperature-in-miami-on-september-6-2026,88-89°F,63487374861031493172597989127320106910017555770474506645335305944083523819203,0.001,219,0.019,20,2026-09-05T06:01:18.733954+00:00
Miami,lowest,J+1,2026-09-06,lowest-temperature-in-miami-on-september-6-2026,90°F or higher,106947843320447785981155095108938351616511230764472171695237243717181594930901,0.001,219,0.019,20,2026-09-05T06:01:18.733954+00:00
Austin,highest,J+0,2026-09-05,highest-temperature-in-austin-on-september-5-2026,85°F or below,36556530694570144947491773824005489550375749820482064253781260071137250010326,,,0.002,44.49,2026-09-05T06:01:22.009185+00:00
Austin,highest,J+0,2026-09-05,highest-temperature-in-austin-on-september-5-2026,86-87°F,78845667445018118021986455116772115340700806669528090566557039452902897830221,0.001,2.33,0.002,129.4,2026-09-05T06:01:22.009185+00:00
Austin,highest,J+0,2026-09-05,highest-temperature-in-austin-on-september-5-2026,88-89°F,4716884175569040520567611952685680012219613904156936372839046684382423501818,0.001,62.29,0.009,79.92,2026-09-05T06:01:22.009185+00:00
Austin,highest,J+0,2026-09-05,highest-temperature-in-austin-on-september-5-2026,90-91°F,51590378479617874451691763228017296354604498220736723459711663945231673081711,0.01,159.13,0.02,30.01,2026-09-05T06:01:22.009185+00:00
Austin,highest,J+0,2026-09-05,highest-temperature-in-austin-on-september-5-2026,92-93°F,108181034240907796831045986931572549579636773980708830214049095176114577211571,0.02,120.49,0.04,45,2026-09-05T06:01:22.009185+00:00
Austin,highest,J+0,2026-09-05,highest-temperature-in-austin-on-september-5-2026,94-95°F,106460546700282821811031038500722285747171541548718382228257678094049245198631,0.14,10,0.16,73,2026-09-05T06:01:22.009185+00:00
Austin,highest,J+0,2026-09-05,highest-temperature-in-austin-on-september-5-2026,96-97°F,21897845199208637161092188532024587218549252457239453415359653776483099399985,0.51,100,0.52,6.25,2026-09-05T06:01:22.009185+00:00
Austin,highest,J+0,2026-09-05,highest-temperature-in-austin-on-september-5-2026,98-99°F,2899116608315606458606421108447045014800990208460508821026405655720943710100,0.31,88.02,0.32,5,2026-09-05T06:01:22.009185+00:00
Austin,highest,J+0,2026-09-05,highest-temperature-in-austin-on-september-5-2026,100-101°F,2378536568343842151919042180207060112037759947159616771855411084125214077140,0.02,112.23,0.04,17.41,2026-09-05T06:01:22.009185+00:00
Austin,highest,J+0,2026-09-05,highest-temperature-in-austin-on-september-5-2026,102-103°F,98950599406653425188636985165386309698502614816725385909981027374783349517684,0.002,466.89,0.008,278.8,2026-09-05T06:01:22.009185+00:00
Austin,highest,J+0,2026-09-05,highest-temperature-in-austin-on-september-5-2026,104°F or higher,98290665647874887071524743305577440990885741096694633191740359851435531722453,0.001,131.65,0.002,70.62,2026-09-05T06:01:22.009185+00:00
Austin,highest,J+1,2026-09-06,highest-temperature-in-austin-on-september-6-2026,100-101°F,13335341375195042169269089524872708511744270728502584223820748638859026012431,,,0.02,110,2026-09-05T06:01:25.164214+00:00
Austin,highest,J+1,2026-09-06,highest-temperature-in-austin-on-september-6-2026,102-103°F,84565208527835023116451938467336119332500556751172133214623571396406571139205,,,0.02,25.51,2026-09-05T06:01:25.164214+00:00
Austin,highest,J+1,2026-09-06,highest-temperature-in-austin-on-september-6-2026,104°F or higher,85628031611620025715772828215995446275671531606720765005232839212231984240603,0.001,460.95,0.01,785.51,2026-09-05T06:01:25.164214+00:00
Austin,highest,J+1,2026-09-06,highest-temperature-in-austin-on-september-6-2026,85°F or below,10265073396859969999058429388929545343368248735727999502040004920368691175573,0.002,170,0.016,545.75,2026-09-05T06:01:25.164214+00:00
Austin,highest,J+1,2026-09-06,highest-temperature-in-austin-on-september-6-2026,86-87°F,100278893227290759615115587059192374892258233880704316552878539830844426406172,0.002,450,0.02,140,2026-09-05T06:01:25.164214+00:00
Austin,highest,J+1,2026-09-06,highest-temperature-in-austin-on-september-6-2026,88-89°F,107168964083820395122238050901029570432587150011748943140281739011099780607857,0.005,80,0.02,35,2026-09-05T06:01:25.164214+00:00
Austin,highest,J+1,2026-09-06,highest-temperature-in-austin-on-september-6-2026,90-91°F,29633690384834305539263795751386639324912888956623749438090556456136152258233,0.03,112.82,0.07,11.71,2026-09-05T06:01:25.164214+00:00
Austin,highest,J+1,2026-09-06,highest-temperature-in-austin-on-september-6-2026,92-93°F,10960349803384854326824580438954001949730854988470702455334765107815954099260,0.24,95,0.27,527.23,2026-09-05T06:01:25.164214+00:00
Austin,highest,J+1,2026-09-06,highest-temperature-in-austin-on-september-6-2026,94-95°F,75649834290786390946182153549705870697461510692814999185734559191303519985406,0.39,155,0.41,7.8,2026-09-05T06:01:25.164214+00:00
Austin,highest,J+1,2026-09-06,highest-temperature-in-austin-on-september-6-2026,96-97°F,2261665357186334442794442272260773317236217098375696667067802982088433924521,0.22,4.35,0.23,175,2026-09-05T06:01:25.164214+00:00
Austin,highest,J+1,2026-09-06,highest-temperature-in-austin-on-september-6-2026,98-99°F,83239891448426805514318096823364686650790503175167840059037723179469821104968,0.04,60,0.06,27,2026-09-05T06:01:25.164214+00:00
Austin,lowest,J+0,2026-09-05,lowest-temperature-in-austin-on-september-5-2026,67°F or below,65860318557184765334443811655920299736429790358882812760208967368812309406034,,,0.43,30.05,2026-09-05T06:01:28.279230+00:00
Austin,lowest,J+0,2026-09-05,lowest-temperature-in-austin-on-september-5-2026,68-69°F,47431780375508948389906048891813635026744319293747132735312244449139406620382,,,0.5,6,2026-09-05T06:01:28.279230+00:00
Austin,lowest,J+0,2026-09-05,lowest-temperature-in-austin-on-september-5-2026,70-71°F,82938892441175811626204009031537865073147355430266034375543551182468259821776,0.01,37,0.49,10,2026-09-05T06:01:28.279230+00:00
Austin,lowest,J+0,2026-09-05,lowest-temperature-in-austin-on-september-5-2026,72-73°F,24432943630255434442943686978007666539093573196780156930463155708617630615362,0.1,10,0.5,16,2026-09-05T06:01:28.279230+00:00
Austin,lowest,J+0,2026-09-05,lowest-temperature-in-austin-on-september-5-2026,74-75°F,91152287340859801539478850573900830652968559949566547707569569726601784177919,0.03,21,0.5,16,2026-09-05T06:01:28.279230+00:00
Austin,lowest,J+0,2026-09-05,lowest-temperature-in-austin-on-september-5-2026,76-77°F,50479310259451297358428506267496610369998758561906805499610722645017644068351,0.03,16,0.5,16,2026-09-05T06:01:28.279230+00:00
Austin,lowest,J+0,2026-09-05,lowest-temperature-in-austin-on-september-5-2026,78-79°F,53512124359082844361099456917095339643748983990743075522217156387089237419263,0.01,37,0.49,10,2026-09-05T06:01:28.279230+00:00
Austin,lowest,J+0,2026-09-05,lowest-temperature-in-austin-on-september-5-2026,80-81°F,41250653472883219590920849462242269405461457648944330059814905717498963119822,,,0.005,10,2026-09-05T06:01:28.279230+00:00
Austin,lowest,J+0,2026-09-05,lowest-temperature-in-austin-on-september-5-2026,82-83°F,92121128568945895882698286748656656583574968801983884300978182403937107243124,,,0.009,450,2026-09-05T06:01:28.279230+00:00
Austin,lowest,J+0,2026-09-05,lowest-temperature-in-austin-on-september-5-2026,84-85°F,953633940735223211714177082890262274382570171452087925891941193181394070803,,,0.009,450,2026-09-05T06:01:28.279230+00:00
Austin,lowest,J+0,2026-09-05,lowest-temperature-in-austin-on-september-5-2026,86°F or higher,115103894126160331146643319979524028771680992235057651463673224214084627296499,,,0.002,1000,2026-09-05T06:01:28.279230+00:00
Austin,lowest,J+1,2026-09-06,lowest-temperature-in-austin-on-september-6-2026,67°F or below,112754641730220177314665669964296053662662156808780731409059991234430558769849,,,0.02,20,2026-09-05T06:01:31.268255+00:00
Austin,lowest,J+1,2026-09-06,lowest-temperature-in-austin-on-september-6-2026,68-69°F,88940946217003401648686225972100274224999155025995943389084859511466406517138,,,0.08,65.21,2026-09-05T06:01:31.268255+00:00
Austin,lowest,J+1,2026-09-06,lowest-temperature-in-austin-on-september-6-2026,70-71°F,60257828214652031115673093048805896540550035222572219928513048764351763491614,0.03,16,0.47,31.44,2026-09-05T06:01:31.268255+00:00
Austin,lowest,J+1,2026-09-06,lowest-temperature-in-austin-on-september-6-2026,72-73°F,50197834584322661281794400803676214532082802917876224577502314025658152081106,0.12,14,0.5,16,2026-09-05T06:01:31.268255+00:00
Austin,lowest,J+1,2026-09-06,lowest-temperature-in-austin-on-september-6-2026,74-75°F,90693848494369433296241278304545471967489548126446164497891390718096515058742,0.25,200,0.5,6,2026-09-05T06:01:31.268255+00:00
Austin,lowest,J+1,2026-09-06,lowest-temperature-in-austin-on-september-6-2026,76-77°F,94692835743645949683447999952782262723385000845366594790633945939551110719513,0.11,179.69,0.5,16,2026-09-05T06:01:31.268255+00:00
Austin,lowest,J+1,2026-09-06,lowest-temperature-in-austin-on-september-6-2026,78-79°F,57537894457816765126503739470276895309410537847832051201117133946825406256190,0.01,25,0.45,30.3,2026-09-05T06:01:31.268255+00:00
Austin,lowest,J+1,2026-09-06,lowest-temperature-in-austin-on-september-6-2026,80-81°F,107544702821433156599978356985062184012258591602188513852963976911859735040966,,,0.48,32.04,2026-09-05T06:01:31.268255+00:00
Austin,lowest,J+1,2026-09-06,lowest-temperature-in-austin-on-september-6-2026,82-83°F,17344924543952160435479457445993273651236302191497988364869926727172330554109,,,0.48,32.04,2026-09-05T06:01:31.268255+00:00
Austin,lowest,J+1,2026-09-06,lowest-temperature-in-austin-on-september-6-2026,84-85°F,1434220938461333263419336857749608458011360479469122392517873346751207010423,,,0.41,100,2026-09-05T06:01:31.268255+00:00
Austin,lowest,J+1,2026-09-06,lowest-temperature-in-austin-on-september-6-2026,86°F or higher,104035990091613542789225034764715734968005072295711568364161411131290188228319,,,0.68,135,2026-09-05T06:01:31.268255+00:00
Dallas,highest,J+0,2026-09-05,highest-temperature-in-dallas-on-september-5-2026,85°F or below,20637710390980016886289931978061145026064207081543509499602946705985274024264,,,0.001,2034.19,2026-09-05T06:01:34.349661+00:00
Dallas,highest,J+0,2026-09-05,highest-temperature-in-dallas-on-september-5-2026,86-87°F,36699507427980719918763382455194219154286399354144278316616230360102567249782,,,0.001,3372.94,2026-09-05T06:01:34.349661+00:00
Dallas,highest,J+0,2026-09-05,highest-temperature-in-dallas-on-september-5-2026,88-89°F,107402434038480486142557081487383310274746340052591647989859964045370740420481,,,0.001,324.15,2026-09-05T06:01:34.349661+00:00
Dallas,highest,J+0,2026-09-05,highest-temperature-in-dallas-on-september-5-2026,90-91°F,24168909302939919449220178314886523293401875925301966772876425177945137506604,,,0.001,500.68,2026-09-05T06:01:34.349661+00:00
Dallas,highest,J+0,2026-09-05,highest-temperature-in-dallas-on-september-5-2026,92-93°F,91139020417890271751575021291491132837855154128827332878408026468066874218358,0.001,191.81,0.002,97.92,2026-09-05T06:01:34.349661+00:00
Dallas,highest,J+0,2026-09-05,highest-temperature-in-dallas-on-september-5-2026,94-95°F,110489817868385449798983661355984035128639482121380392296023529796600522280520,0.02,28.99,0.04,150,2026-09-05T06:01:34.349661+00:00
Dallas,highest,J+0,2026-09-05,highest-temperature-in-dallas-on-september-5-2026,96-97°F,89572719755048166243429111870260875879973606949552306573301754283810647577738,0.24,14,0.27,23,2026-09-05T06:01:34.349661+00:00
Dallas,highest,J+0,2026-09-05,highest-temperature-in-dallas-on-september-5-2026,98-99°F,76075121227797028615628881162946293617652315894711723394477288652012750476575,0.41,52.37,0.44,24.06,2026-09-05T06:01:34.349661+00:00
Dallas,highest,J+0,2026-09-05,highest-temperature-in-dallas-on-september-5-2026,100-101°F,30663383141934883226993604496873213906035096642019492974677256697233567803704,0.25,8,0.29,5,2026-09-05T06:01:34.349661+00:00
Dallas,highest,J+0,2026-09-05,highest-temperature-in-dallas-on-september-5-2026,102-103°F,100126093755931076578990858664217376840806245874776195055673379631359027183758,0.03,45.4,0.054,60.03,2026-09-05T06:01:34.349661+00:00
Dallas,highest,J+0,2026-09-05,highest-temperature-in-dallas-on-september-5-2026,104°F or higher,30358531301514304307198614700285083795943324186412773574416097768297794295368,0.003,1169.11,0.01,30.1,2026-09-05T06:01:34.349661+00:00
Dallas,highest,J+1,2026-09-06,highest-temperature-in-dallas-on-september-6-2026,87°F or below,52045702789812984952174771398831141675725081531619892431313747192974274504515,0.001,858.06,0.003,7,2026-09-05T06:01:37.386067+00:00
Dallas,highest,J+1,2026-09-06,highest-temperature-in-dallas-on-september-6-2026,88-89°F,98114781814687449193767992668605287871251643085650199487539919027223739794310,0.001,354.97,0.01,651.51,2026-09-05T06:01:37.386067+00:00
Dallas,highest,J+1,2026-09-06,highest-temperature-in-dallas-on-september-6-2026,90-91°F,83828124504364160461306270517080475982856098491100824443957614454320901816501,0.002,34.79,0.01,501.51,2026-09-05T06:01:37.386067+00:00
Dallas,highest,J+1,2026-09-06,highest-temperature-in-dallas-on-september-6-2026,92-93°F,48070692384835930912306189572818712213433486576757707674499391062790059694123,0.005,21.93,0.01,160.81,2026-09-05T06:01:37.386067+00:00
Dallas,highest,J+1,2026-09-06,highest-temperature-in-dallas-on-september-6-2026,94-95°F,29439964509712474901285712874045348694914654533518662472778683382329146943146,0.01,350,0.02,87,2026-09-05T06:01:37.386067+00:00
Dallas,highest,J+1,2026-09-06,highest-temperature-in-dallas-on-september-6-2026,96-97°F,98581855460560002233588247492899962432931468823325077693543381160558729085807,0.04,870.37,0.05,20,2026-09-05T06:01:37.386067+00:00
Dallas,highest,J+1,2026-09-06,highest-temperature-in-dallas-on-september-6-2026,98-99°F,94979632023492874180687620972853760701913163466242044909179366933750286435351,0.49,17,0.51,271.14,2026-09-05T06:01:37.386067+00:00
Dallas,highest,J+1,2026-09-06,highest-temperature-in-dallas-on-september-6-2026,100-101°F,113553795512668310400839441879876648497891921075709251633899101341939593945677,0.37,5,0.38,296.75,2026-09-05T06:01:37.386067+00:00
Dallas,highest,J+1,2026-09-06,highest-temperature-in-dallas-on-september-6-2026,102-103°F,79601965294549736005683191214910067602785545266760649952587149353177598524898,0.05,28,0.06,25.03,2026-09-05T06:01:37.386067+00:00
Dallas,highest,J+1,2026-09-06,highest-temperature-in-dallas-on-september-6-2026,104-105°F,4798914125170116995155551854452861773293607652169671722479408861816088704955,,,0.02,106,2026-09-05T06:01:37.386067+00:00
Dallas,highest,J+1,2026-09-06,highest-temperature-in-dallas-on-september-6-2026,106°F or higher,101463174189492520964446586484106933441142146969060703640598327611880801711464,0.002,39.66,0.01,435.25,2026-09-05T06:01:37.386067+00:00
Dallas,lowest,J+0,2026-09-05,lowest-temperature-in-dallas-on-september-5-2026,67°F or below,73639035277058677371543477144411325951960163512133697393431112426594876032676,0.001,60,0.006,167,2026-09-05T06:01:40.338217+00:00
Dallas,lowest,J+0,2026-09-05,lowest-temperature-in-dallas-on-september-5-2026,68-69°F,19517286405628420628094019872480333034915880789644378944294336521659638312635,0.001,60,0.006,167,2026-09-05T06:01:40.338217+00:00
Dallas,lowest,J+0,2026-09-05,lowest-temperature-in-dallas-on-september-5-2026,70-71°F,84387317863736500655513819347368850030722629087488363948674341308951271493257,,,0.07,8.56,2026-09-05T06:01:40.338217+00:00
Dallas,lowest,J+0,2026-09-05,lowest-temperature-in-dallas-on-september-5-2026,72-73°F,113806008276224551042932229750643433773395929861575349017164187367872162575827,,,0.15,9,2026-09-05T06:01:40.338217+00:00
Dallas,lowest,J+0,2026-09-05,lowest-temperature-in-dallas-on-september-5-2026,74-75°F,14793385789392805132688670096464091175739916004544774410574794828746625035536,0.02,20,0.18,9,2026-09-05T06:01:40.338217+00:00
Dallas,lowest,J+0,2026-09-05,lowest-temperature-in-dallas-on-september-5-2026,76-77°F,36343889996218038759902940288936330040933614909535185154884632094330940263688,0.02,25,0.44,11,2026-09-05T06:01:40.338217+00:00
Dallas,lowest,J+0,2026-09-05,lowest-temperature-in-dallas-on-september-5-2026,78-79°F,81705019132412882402453534858600069290027756354846443556525519885536471644250,0.16,10,0.54,14.61,2026-09-05T06:01:40.338217+00:00
Dallas,lowest,J+0,2026-09-05,lowest-temperature-in-dallas-on-september-5-2026,80-81°F,20819414067264437498069676585999298543964541285157363860089561403055789348204,0.36,150,0.49,15,2026-09-05T06:01:40.338217+00:00
Dallas,lowest,J+0,2026-09-05,lowest-temperature-in-dallas-on-september-5-2026,82-83°F,5094347925183500695001250111846203135099146774918356986033387590976477574513,0.03,86.66,0.48,82,2026-09-05T06:01:40.338217+00:00
Dallas,lowest,J+0,2026-09-05,lowest-temperature-in-dallas-on-september-5-2026,84-85°F,77940137270528355534571719946159810356164868287585719143301535737018254790895,0.01,37,0.08,8.65,2026-09-05T06:01:40.338217+00:00
Dallas,lowest,J+0,2026-09-05,lowest-temperature-in-dallas-on-september-5-2026,86°F or higher,11688362608068212266735936313783850096726757440009338801998961099201894637117,,,0.06,8.51,2026-09-05T06:01:40.338217+00:00
Dallas,lowest,J+1,2026-09-06,lowest-temperature-in-dallas-on-september-6-2026,69°F or below,12742733204756781353709632322037105169458097318095723291299255170940804437484,,,0.13,20,2026-09-05T06:01:43.348674+00:00
Dallas,lowest,J+1,2026-09-06,lowest-temperature-in-dallas-on-september-6-2026,70-71°F,101895567892319539097469772181155799922226262828041835628681584632923009581652,,,0.02,20,2026-09-05T06:01:43.348674+00:00
Dallas,lowest,J+1,2026-09-06,lowest-temperature-in-dallas-on-september-6-2026,72-73°F,12550399447430392699052646101627037893371005740249216406092555965940146187479,,,0.16,9,2026-09-05T06:01:43.348674+00:00
Dallas,lowest,J+1,2026-09-06,lowest-temperature-in-dallas-on-september-6-2026,74-75°F,33946787427944535478662315022858356047905876873988371167728068539078001117862,,,0.15,9,2026-09-05T06:01:43.348674+00:00
Dallas,lowest,J+1,2026-09-06,lowest-temperature-in-dallas-on-september-6-2026,76-77°F,35897544265580137369516693028629840992506925036649985231842910532664629447557,0.03,16,0.17,60,2026-09-05T06:01:43.348674+00:00
Dallas,lowest,J+1,2026-09-06,lowest-temperature-in-dallas-on-september-6-2026,78-79°F,49671791459638893382694382674300209704960314289234166199996921461137563084698,0.12,31.66,0.48,10,2026-09-05T06:01:43.348674+00:00
Dallas,lowest,J+1,2026-09-06,lowest-temperature-in-dallas-on-september-6-2026,80-81°F,110939756361478314870757685198596743179034830059183850485258609318250447145364,0.38,43.85,0.5,16,2026-09-05T06:01:43.348674+00:00
Dallas,lowest,J+1,2026-09-06,lowest-temperature-in-dallas-on-september-6-2026,82-83°F,79717017862265746914060002088824562076182675948368526394711808608673782206223,0.13,10,0.47,31.44,2026-09-05T06:01:43.348674+00:00
Dallas,lowest,J+1,2026-09-06,lowest-temperature-in-dallas-on-september-6-2026,84-85°F,52295582396695444431407372519031186909418839395774740579565535714722366020419,,,0.16,9,2026-09-05T06:01:43.348674+00:00
Dallas,lowest,J+1,2026-09-06,lowest-temperature-in-dallas-on-september-6-2026,86-87°F,83275154747718482390450609439010269287170788602862557109088595361261415187337,,,0.15,9,2026-09-05T06:01:43.348674+00:00
Dallas,lowest,J+1,2026-09-06,lowest-temperature-in-dallas-on-september-6-2026,88°F or higher,22905221094234139099601876232799854682773502788802365784269802527626915749815,,,0.13,20,2026-09-05T06:01:43.348674+00:00
Denver,highest,J+0,2026-09-05,highest-temperature-in-denver-on-september-5-2026,84-85°F,75692876232749244517982847576982397817001765296534427202272306973153995176638,0.001,12.28,0.005,67.7,2026-09-05T06:01:46.331357+00:00
Denver,highest,J+0,2026-09-05,highest-temperature-in-denver-on-september-5-2026,86-87°F,34382813395484951328353484410059615491458148234159417685188697252547177671436,0.02,194.2,0.04,325,2026-09-05T06:01:46.331357+00:00
Denver,highest,J+0,2026-09-05,highest-temperature-in-denver-on-september-5-2026,79°F or below,14914218770580214251697926630988945052490509246080005711316557461000469191581,,,0.001,3117.5,2026-09-05T06:01:46.331357+00:00
Denver,highest,J+0,2026-09-05,highest-temperature-in-denver-on-september-5-2026,80-81°F,37175239596760368344510826295020823753022384146597308061986877002000709558828,,,0.002,3114.51,2026-09-05T06:01:46.331357+00:00
Denver,highest,J+0,2026-09-05,highest-temperature-in-denver-on-september-5-2026,82-83°F,66972533954920854938270135917663057257511374258365483234039842265170805897425,0.001,559.28,0.003,427.6,2026-09-05T06:01:46.331357+00:00
Denver,highest,J+0,2026-09-05,highest-temperature-in-denver-on-september-5-2026,98°F or higher,69180945170115030792475818316506102471197669951224055522253494247910732517953,,,0.005,223.27,2026-09-05T06:01:46.331357+00:00
Denver,highest,J+0,2026-09-05,highest-temperature-in-denver-on-september-5-2026,88-89°F,64501253843279703382159558197350907032987076542775013825582115300565302850821,0.06,68.34,0.08,5,2026-09-05T06:01:46.331357+00:00
Denver,highest,J+0,2026-09-05,highest-temperature-in-denver-on-september-5-2026,90-91°F,108835456237322832688195262824082804085564512781580530720196637852175357963465,0.23,5,0.26,119.31,2026-09-05T06:01:46.331357+00:00
Denver,highest,J+0,2026-09-05,highest-temperature-in-denver-on-september-5-2026,92-93°F,100417125931889762984282012620133448902256155453351780276155202997286770399173,0.46,12.83,0.47,147.19,2026-09-05T06:01:46.331357+00:00
Denver,highest,J+0,2026-09-05,highest-temperature-in-denver-on-september-5-2026,94-95°F,58828179666849031420704117443411608161576198564579726083137990345810538968105,0.14,17.52,0.17,15.93,2026-09-05T06:01:46.331357+00:00
Denver,highest,J+0,2026-09-05,highest-temperature-in-denver-on-september-5-2026,96-97°F,76994032741286478036513480945930233566118382498102807058598212539465372982548,0.01,134.75,0.02,11.59,2026-09-05T06:01:46.331357+00:00
Denver,highest,J+1,2026-09-06,highest-temperature-in-denver-on-september-6-2026,79°F or below,102742437518507561926865234805126158462985078966699210487129827573852867647077,0.001,959,0.004,7,2026-09-05T06:01:49.309358+00:00
Denver,highest,J+1,2026-09-06,highest-temperature-in-denver-on-september-6-2026,80-81°F,112747330435049095677053251766703820978977193183603988953893357762908514244633,,,0.02,380,2026-09-05T06:01:49.309358+00:00
Denver,highest,J+1,2026-09-06,highest-temperature-in-denver-on-september-6-2026,82-83°F,87958201661505415891330466388835815575822634095658700513847852309132175979816,0.002,90,0.01,54.05,2026-09-05T06:01:49.309358+00:00
Denver,highest,J+1,2026-09-06,highest-temperature-in-denver-on-september-6-2026,84-85°F,34465246460708436791908292711774298263168357468178121607273755902245938718933,,,0.03,30,2026-09-05T06:01:49.309358+00:00
Denver,highest,J+1,2026-09-06,highest-temperature-in-denver-on-september-6-2026,86-87°F,97709658172700634384139300372502954161583666844721180266901799445510342487947,0.02,149.5,0.04,5,2026-09-05T06:01:49.309358+00:00
Denver,highest,J+1,2026-09-06,highest-temperature-in-denver-on-september-6-2026,88-89°F,61578155180828223527509985339535494198606463880003867636707618649298058510715,0.05,5,0.08,41.54,2026-09-05T06:01:49.309358+00:00
Denver,highest,J+1,2026-09-06,highest-temperature-in-denver-on-september-6-2026,90-91°F,106645899743570038857343800871903320920831055766112936875074577530806586781830,0.51,99.58,0.52,11.25,2026-09-05T06:01:49.309358+00:00
Denver,highest,J+1,2026-09-06,highest-temperature-in-denver-on-september-6-2026,92-93°F,40942899960181930168502116247630427039211136340722722346029456372402186578025,0.34,140,0.35,19.89,2026-09-05T06:01:49.309358+00:00
Denver,highest,J+1,2026-09-06,highest-temperature-in-denver-on-september-6-2026,94-95°F,71895468690834435889277026774139169949375001828096410029022622598445577106793,0.04,86,0.08,22.5,2026-09-05T06:01:49.309358+00:00
Denver,highest,J+1,2026-09-06,highest-temperature-in-denver-on-september-6-2026,98°F or higher,47162900054714694665685103019409933901690602917561749020798855097471775105344,0.01,88.23,0.02,71.04,2026-09-05T06:01:49.309358+00:00
Denver,highest,J+1,2026-09-06,highest-temperature-in-denver-on-september-6-2026,96-97°F,33067618846539905763637703509849048281985568322389686816122082677184198134750,0.01,150,0.03,18.02,2026-09-05T06:01:49.309358+00:00
Denver,lowest,J+0,2026-09-05,lowest-temperature-in-denver-on-september-5-2026,57°F or below,8707315576620141001594561206754085471467779468070964229068557150633093266371,0.01,32,0.69,5,2026-09-05T06:01:52.264065+00:00
Denver,lowest,J+0,2026-09-05,lowest-temperature-in-denver-on-september-5-2026,58-59°F,27803799717009498307465576268141835999244652302747575891025513907930732271065,0.01,37,0.49,10,2026-09-05T06:01:52.264065+00:00
Denver,lowest,J+0,2026-09-05,lowest-temperature-in-denver-on-september-5-2026,60-61°F,27857798043134049967436536019548709414864458006333727424869003759571558044268,0.05,10,0.49,10,2026-09-05T06:01:52.264065+00:00
Denver,lowest,J+0,2026-09-05,lowest-temperature-in-denver-on-september-5-2026,62-63°F,90969130275583982563419428236313984197380581053598253823323747375544986113712,0.13,21,0.5,16,2026-09-05T06:01:52.264065+00:00
Denver,lowest,J+0,2026-09-05,lowest-temperature-in-denver-on-september-5-2026,64-65°F,25602422764969160028705047823961366712256060456467357915070438231349498406863,0.1,6,0.5,16,2026-09-05T06:01:52.264065+00:00
Denver,lowest,J+0,2026-09-05,lowest-temperature-in-denver-on-september-5-2026,66-67°F,89863093683835126819344343149386419319759819890514553654951841085743639829344,0.04,10,0.49,10,2026-09-05T06:01:52.264065+00:00
Denver,lowest,J+0,2026-09-05,lowest-temperature-in-denver-on-september-5-2026,68-69°F,50188918361777053980455795535677476866031196310521131052792198704955078243424,0.01,37,0.49,10,2026-09-05T06:01:52.264065+00:00
Denver,lowest,J+0,2026-09-05,lowest-temperature-in-denver-on-september-5-2026,70-71°F,55929696774935433485934304218211960804517714266520432199222493149139186554152,,,0.5,6,2026-09-05T06:01:52.264065+00:00
Denver,lowest,J+0,2026-09-05,lowest-temperature-in-denver-on-september-5-2026,72-73°F,59216034339977775617835303686459014788022359086244840192892525797248018936567,,,0.5,6,2026-09-05T06:01:52.264065+00:00
Denver,lowest,J+0,2026-09-05,lowest-temperature-in-denver-on-september-5-2026,74-75°F,27002027116785662458251408838206619642277685174528716509804000992076398331836,,,0.5,6,2026-09-05T06:01:52.264065+00:00
Denver,lowest,J+0,2026-09-05,lowest-temperature-in-denver-on-september-5-2026,76°F or higher,57712615517097119858898343570708148360944852829652028594782578101699767009738,0.001,57.98,0.006,167,2026-09-05T06:01:52.264065+00:00
Denver,lowest,J+1,2026-09-06,lowest-temperature-in-denver-on-september-6-2026,57°F or below,98314497987656566907426785895942927283625943150158615181772819602876073686657,,,0.69,120,2026-09-05T06:01:55.252577+00:00
Denver,lowest,J+1,2026-09-06,lowest-temperature-in-denver-on-september-6-2026,58-59°F,57736408580969664698887650475920804485102092735236853860104397325000997439502,,,0.49,52.67,2026-09-05T06:01:55.252577+00:00
Denver,lowest,J+1,2026-09-06,lowest-temperature-in-denver-on-september-6-2026,60-61°F,20179842637729788625991152338483385538010006907984008187237770443431072316311,0.04,16,0.49,52.67,2026-09-05T06:01:55.252577+00:00
Denver,lowest,J+1,2026-09-06,lowest-temperature-in-denver-on-september-6-2026,62-63°F,38468127060514728422717375226156621298634259778518258942219737993778057469573,0.15,111.11,0.5,16,2026-09-05T06:01:55.252577+00:00
Denver,lowest,J+1,2026-09-06,lowest-temperature-in-denver-on-september-6-2026,64-65°F,77442641184085181574625046723120025352486391984387475481897347061419728585868,0.09,10,0.5,16,2026-09-05T06:01:55.252577+00:00
Denver,lowest,J+1,2026-09-06,lowest-temperature-in-denver-on-september-6-2026,66-67°F,15681563601360807916049457395347858747619716505336018885150753049878320473704,0.03,26,0.48,52.04,2026-09-05T06:01:55.252577+00:00
Denver,lowest,J+1,2026-09-06,lowest-temperature-in-denver-on-september-6-2026,68-69°F,93549187085846791637151092777483791407602706715528778968612483768751050752130,,,0.49,52.67,2026-09-05T06:01:55.252577+00:00
Denver,lowest,J+1,2026-09-06,lowest-temperature-in-denver-on-september-6-2026,70-71°F,72557871526695250595195840207675119500449054504633476750221641559065193636292,,,0.49,52.67,2026-09-05T06:01:55.252577+00:00
Denver,lowest,J+1,2026-09-06,lowest-temperature-in-denver-on-september-6-2026,72-73°F,20089983406602102080543480718076713337993984697910827561552088747547084279021,,,0.19,55,2026-09-05T06:01:55.252577+00:00
Denver,lowest,J+1,2026-09-06,lowest-temperature-in-denver-on-september-6-2026,74-75°F,94019858265963640619273768879413269341334124834820935836187585664443309782337,,,0.19,80,2026-09-05T06:01:55.252577+00:00
Denver,lowest,J+1,2026-09-06,lowest-temperature-in-denver-on-september-6-2026,76°F or higher,18978896572349701894313287786457690336290649986891697841884411442122313416406,,,0.59,120,2026-09-05T06:01:55.252577+00:00
Chicago,highest,J+0,2026-09-05,highest-temperature-in-chicago-on-september-5-2026,73°F or below,86307613327380531143611733395663656224169719059946734495754320365680103241491,,,0.001,2378.84,2026-09-05T06:01:58.259612+00:00
Chicago,highest,J+0,2026-09-05,highest-temperature-in-chicago-on-september-5-2026,74-75°F,9387256733055906742883504336507202754169589491424896823739776103063518120433,,,0.001,2889.34,2026-09-05T06:01:58.259612+00:00
Chicago,highest,J+0,2026-09-05,highest-temperature-in-chicago-on-september-5-2026,76-77°F,71197931176667163144378765251205223499033473666854617689555785189107358924900,,,0.001,1535.33,2026-09-05T06:01:58.259612+00:00
Chicago,highest,J+0,2026-09-05,highest-temperature-in-chicago-on-september-5-2026,78-79°F,45543305073435467896460989286470299406284394752835050206199143744875283685145,0.21,13,0.24,66.99,2026-09-05T06:01:58.259612+00:00
Chicago,highest,J+0,2026-09-05,highest-temperature-in-chicago-on-september-5-2026,80-81°F,27430630972434461269917245348231737198903821503055371828924187414553156315679,0.38,18.01,0.4,67.69,2026-09-05T06:01:58.259612+00:00
Chicago,highest,J+0,2026-09-05,highest-temperature-in-chicago-on-september-5-2026,82-83°F,34580060405023941679077709730263162147710426203547058743221960821911560797532,0.25,16.75,0.29,5,2026-09-05T06:01:58.259612+00:00
Chicago,highest,J+0,2026-09-05,highest-temperature-in-chicago-on-september-5-2026,84-85°F,52865070107218555860227806299137909570579150554277480951020924742240216668343,0.06,15,0.08,94.7,2026-09-05T06:01:58.259612+00:00
Chicago,highest,J+0,2026-09-05,highest-temperature-in-chicago-on-september-5-2026,86-87°F,8352656010343395499584502288357686248801262117675984433201693565981254527897,0.04,133.57,0.05,130.89,2026-09-05T06:01:58.259612+00:00
Chicago,highest,J+0,2026-09-05,highest-temperature-in-chicago-on-september-5-2026,88-89°F,85024975833783762565063809730963242065824591069603288260431934248611374082998,0.02,56.49,0.03,51.1,2026-09-05T06:01:58.259612+00:00
Chicago,highest,J+0,2026-09-05,highest-temperature-in-chicago-on-september-5-2026,90-91°F,99869912690679640427046730250693857895118721606656099343891855133923375406522,0.001,3.49,0.002,3082.25,2026-09-05T06:01:58.259612+00:00
Chicago,highest,J+0,2026-09-05,highest-temperature-in-chicago-on-september-5-2026,92°F or higher,42807364621372906165922445176119126879566435324000654013854846530197849845724,,,0.002,3132.35,2026-09-05T06:01:58.259612+00:00
Chicago,highest,J+1,2026-09-06,highest-temperature-in-chicago-on-september-6-2026,71°F or below,6993819495775890258148046800178997702178531501490529714507212530319893908148,0.005,9.63,0.01,365.3,2026-09-05T06:02:01.270961+00:00
Chicago,highest,J+1,2026-09-06,highest-temperature-in-chicago-on-september-6-2026,72-73°F,24825378188591241034334781770444485563207056099167604601243740441134857647932,0.01,630.53,0.02,5.37,2026-09-05T06:02:01.270961+00:00
Chicago,highest,J+1,2026-09-06,highest-temperature-in-chicago-on-september-6-2026,74-75°F,43451622978841152609206206655691103806582737806699265574254950378481108675417,0.03,1190.78,0.05,67,2026-09-05T06:02:01.270961+00:00
Chicago,highest,J+1,2026-09-06,highest-temperature-in-chicago-on-september-6-2026,76-77°F,92121196301315253852223191282968966574356352994937336691846909419700775800584,0.32,114.39,0.34,285,2026-09-05T06:02:01.270961+00:00
Chicago,highest,J+1,2026-09-06,highest-temperature-in-chicago-on-september-6-2026,78-79°F,41621838784170679546375010595410828869384364193248734384710507289006470816415,0.54,316.04,0.55,5,2026-09-05T06:02:01.270961+00:00
Chicago,highest,J+1,2026-09-06,highest-temperature-in-chicago-on-september-6-2026,80-81°F,58448102424165318347493658409077611938931654073804993336228307217254539030136,0.07,90,0.09,167.46,2026-09-05T06:02:01.270961+00:00
Chicago,highest,J+1,2026-09-06,highest-temperature-in-chicago-on-september-6-2026,82-83°F,83183990864277637776934240755448633101490499839653073147745200122896895678255,0.02,339.14,0.03,10,2026-09-05T06:02:01.270961+00:00
Chicago,highest,J+1,2026-09-06,highest-temperature-in-chicago-on-september-6-2026,84-85°F,69441790789155337574118540643644632617940420170015108748522483083463390883594,0.01,726.12,0.02,55.01,2026-09-05T06:02:01.270961+00:00
Chicago,highest,J+1,2026-09-06,highest-temperature-in-chicago-on-september-6-2026,86-87°F,44803955962352042160499564287824250850715459857931376682811312831672071933761,0.001,223.1,0.008,27.89,2026-09-05T06:02:01.270961+00:00
Chicago,highest,J+1,2026-09-06,highest-temperature-in-chicago-on-september-6-2026,88-89°F,94586489903237224603557547998640258643219947301840895587942196676990286643166,,,0.03,550,2026-09-05T06:02:01.270961+00:00
Chicago,highest,J+1,2026-09-06,highest-temperature-in-chicago-on-september-6-2026,90°F or higher,28155157500204002571488455968303176166828513526943063376439958792824369683023,0.001,303.05,0.004,57.89,2026-09-05T06:02:01.270961+00:00
Chicago,lowest,J+0,2026-09-05,lowest-temperature-in-chicago-on-september-5-2026,65°F or below,34059128164816891270649693336736073728979020925427481820170524788578469307808,0.01,32,0.4,26,2026-09-05T06:02:04.214594+00:00
Chicago,lowest,J+0,2026-09-05,lowest-temperature-in-chicago-on-september-5-2026,66-67°F,6224403795818841245677222908050600243121241208341635288925636533524845462776,0.01,32,0.49,10,2026-09-05T06:02:04.214594+00:00
Chicago,lowest,J+0,2026-09-05,lowest-temperature-in-chicago-on-september-5-2026,68-69°F,74794005313070044116983982095066235750133159084864248776683125769868578879647,0.03,16,0.49,10,2026-09-05T06:02:04.214594+00:00
Chicago,lowest,J+0,2026-09-05,lowest-temperature-in-chicago-on-september-5-2026,70-71°F,93961988938622593606715708740095024011923372419111971824794225168946940074974,0.04,10,0.5,16,2026-09-05T06:02:04.214594+00:00
Chicago,lowest,J+0,2026-09-05,lowest-temperature-in-chicago-on-september-5-2026,72-73°F,62410707062634993981648477037073295708038541307904723764130909713631472703285,0.04,10,0.5,16,2026-09-05T06:02:04.214594+00:00
Chicago,lowest,J+0,2026-09-05,lowest-temperature-in-chicago-on-september-5-2026,74-75°F,26484312801619654053698189507182021794448272570064302868712066490553330642595,0.03,31,0.5,16,2026-09-05T06:02:04.214594+00:00
Chicago,lowest,J+0,2026-09-05,lowest-temperature-in-chicago-on-september-5-2026,76-77°F,45446487139173209700674593462317207173801194681681855964723327624623215943380,0.01,37,0.49,10,2026-09-05T06:02:04.214594+00:00
Chicago,lowest,J+0,2026-09-05,lowest-temperature-in-chicago-on-september-5-2026,78-79°F,50357987079839349801144002172277910831314229368779586367072876709017131972426,,,0.08,58.99,2026-09-05T06:02:04.214594+00:00
Chicago,lowest,J+0,2026-09-05,lowest-temperature-in-chicago-on-september-5-2026,80-81°F,34744220591862752491115551776672103922687979087877964321245257705236986932790,,,0.001,180,2026-09-05T06:02:04.214594+00:00
Chicago,lowest,J+0,2026-09-05,lowest-temperature-in-chicago-on-september-5-2026,82-83°F,78822844654186906701797601756254147511982055547335824740961237977154050469231,,,0.001,180,2026-09-05T06:02:04.214594+00:00
Chicago,lowest,J+0,2026-09-05,lowest-temperature-in-chicago-on-september-5-2026,84°F or higher,16159595993358371222627623026149647504554622088041956776435006391216390114591,,,0.001,180,2026-09-05T06:02:04.214594+00:00
Chicago,lowest,J+1,2026-09-06,lowest-temperature-in-chicago-on-september-6-2026,61°F or below,63106898593592110759091622017408353913488799676021560347593216364528071691835,,,0.69,100,2026-09-05T06:02:07.144271+00:00
Chicago,lowest,J+1,2026-09-06,lowest-temperature-in-chicago-on-september-6-2026,62-63°F,48112160527933827906229249937970128687060293282960598859978625193532078678463,,,0.49,32.67,2026-09-05T06:02:07.144271+00:00
Chicago,lowest,J+1,2026-09-06,lowest-temperature-in-chicago-on-september-6-2026,64-65°F,36211584112572953509273245307445291379329558697735807291819780983068912995261,0.03,16,0.48,32.04,2026-09-05T06:02:07.144271+00:00
Chicago,lowest,J+1,2026-09-06,lowest-temperature-in-chicago-on-september-6-2026,66-67°F,34585005062714829874442148745028797681497893645012945773374032369606358133936,0.03,576.54,0.49,10,2026-09-05T06:02:07.144271+00:00
Chicago,lowest,J+1,2026-09-06,lowest-temperature-in-chicago-on-september-6-2026,68-69°F,61101400228953118733947789314795006592783231753756043274025476336869062430426,0.09,32,0.5,16,2026-09-05T06:02:07.144271+00:00
Chicago,lowest,J+1,2026-09-06,lowest-temperature-in-chicago-on-september-6-2026,70-71°F,21695193369722799726807229414105611936421595728752563894784027816256572709923,0.05,10,0.5,16,2026-09-05T06:02:07.144271+00:00
Chicago,lowest,J+1,2026-09-06,lowest-temperature-in-chicago-on-september-6-2026,72-73°F,48865430930943318918410421688992480497769037010095951705349585388492906400725,,,0.48,32.04,2026-09-05T06:02:07.144271+00:00
Chicago,lowest,J+1,2026-09-06,lowest-temperature-in-chicago-on-september-6-2026,74-75°F,16566754416693665762490386953084286796257726581425360825139037931704461490897,,,0.49,32.67,2026-09-05T06:02:07.144271+00:00
Chicago,lowest,J+1,2026-09-06,lowest-temperature-in-chicago-on-september-6-2026,76-77°F,104051635937336521022969494278039733883119204047301472862648444844386364189519,,,0.45,100,2026-09-05T06:02:07.144271+00:00
Chicago,lowest,J+1,2026-09-06,lowest-temperature-in-chicago-on-september-6-2026,78-79°F,89555024238671583952007445238010252663278714820558977239543194828175713020521,,,0.43,100,2026-09-05T06:02:07.144271+00:00
Chicago,lowest,J+1,2026-09-06,lowest-temperature-in-chicago-on-september-6-2026,80°F or higher,12793618423349892836189601843051761516201392375391710436761750128868981928950,,,0.59,100,2026-09-05T06:02:07.144271+00:00
Houston,highest,J+0,2026-09-05,highest-temperature-in-houston-on-september-5-2026,81°F or below,30898165697245304039548035551008045127804746572977332324818698713612883974529,,,0.01,164.41,2026-09-05T06:02:10.074168+00:00
Houston,highest,J+0,2026-09-05,highest-temperature-in-houston-on-september-5-2026,82-83°F,35437654046417630418837071221041731178738497067568592121527001084769173549443,,,0.01,64.22,2026-09-05T06:02:10.074168+00:00
Houston,highest,J+0,2026-09-05,highest-temperature-in-houston-on-september-5-2026,84-85°F,39501920417414569550896565127389904285720025328117378067037747047671114945265,0.003,701.66,0.01,319.97,2026-09-05T06:02:10.074168+00:00
Houston,highest,J+0,2026-09-05,highest-temperature-in-houston-on-september-5-2026,86-87°F,73592424751683682951106469126510908944323495129484375269434669134950473486023,0.08,21.03,0.1,31.1,2026-09-05T06:02:10.074168+00:00
Houston,highest,J+0,2026-09-05,highest-temperature-in-houston-on-september-5-2026,88-89°F,60438511816062367774982736070198760749032945155963365805232498464905642507969,0.16,45.22,0.18,311.99,2026-09-05T06:02:10.074168+00:00
Houston,highest,J+0,2026-09-05,highest-temperature-in-houston-on-september-5-2026,90-91°F,66778551584314630307363416684532850417099642375494004231415045964190428735693,0.38,70.48,0.39,18.01,2026-09-05T06:02:10.074168+00:00
Houston,highest,J+0,2026-09-05,highest-temperature-in-houston-on-september-5-2026,92-93°F,9544081213142881750903485143036584383178242674281248855724964156528164377142,0.3,342.14,0.31,40,2026-09-05T06:02:10.074168+00:00
Houston,highest,J+0,2026-09-05,highest-temperature-in-houston-on-september-5-2026,94-95°F,68117311130577163816352799935409703767613064453599163241648487005049844163955,0.05,9.99,0.07,15.23,2026-09-05T06:02:10.074168+00:00
Houston,highest,J+0,2026-09-05,highest-temperature-in-houston-on-september-5-2026,96-97°F,28511164809742976483871441078077571442131272037879483773497023568405885940672,0.01,111,0.027,10,2026-09-05T06:02:10.074168+00:00
Houston,highest,J+0,2026-09-05,highest-temperature-in-houston-on-september-5-2026,98-99°F,86131387513243772407452671101330510241838893309789148311724080362810658482962,0.001,20.41,0.002,3126.02,2026-09-05T06:02:10.074168+00:00
Houston,highest,J+0,2026-09-05,highest-temperature-in-houston-on-september-5-2026,100°F or higher,105546495919230534114888957197966168638820849877593107713063723910672251358938,,,0.001,3179.33,2026-09-05T06:02:10.074168+00:00
Houston,highest,J+1,2026-09-06,highest-temperature-in-houston-on-september-6-2026,82-83°F,14677189252152053422974100934794592362860790330128554430762864232596742882952,0.005,54.86,0.02,108.5,2026-09-05T06:02:12.988248+00:00
Houston,highest,J+1,2026-09-06,highest-temperature-in-houston-on-september-6-2026,84-85°F,43806900065541471620047307785307360366740507255622639902385855917690926014630,0.02,151.9,0.06,30,2026-09-05T06:02:12.988248+00:00
Houston,highest,J+1,2026-09-06,highest-temperature-in-houston-on-september-6-2026,86-87°F,13490439351660116025304433390807617799430747587099669417504111207308251223184,0.1,83,0.13,5.03,2026-09-05T06:02:12.988248+00:00
Houston,highest,J+1,2026-09-06,highest-temperature-in-houston-on-september-6-2026,88-89°F,67697701075450354467269768116050792538766693617786113617422844147096834678992,0.31,89.73,0.32,116.14,2026-09-05T06:02:12.988248+00:00
Houston,highest,J+1,2026-09-06,highest-temperature-in-houston-on-september-6-2026,90-91°F,8453330934315920332560467468304176393659242696026965591088604409595340730558,0.3,5.01,0.33,169.7,2026-09-05T06:02:12.988248+00:00
Houston,highest,J+1,2026-09-06,highest-temperature-in-houston-on-september-6-2026,92-93°F,59107408499499500737461570744528692152592843747621310427806786976460357090076,0.2,188.59,0.22,11.25,2026-09-05T06:02:12.988248+00:00
Houston,highest,J+1,2026-09-06,highest-temperature-in-houston-on-september-6-2026,94-95°F,93979293189366398340189486666178230166412055206356882320614868793906265613059,0.02,31,0.04,19.08,2026-09-05T06:02:12.988248+00:00
Houston,highest,J+1,2026-09-06,highest-temperature-in-houston-on-september-6-2026,96-97°F,26949505333948877400695455288504550483820643749975524575620829450911024948623,0.01,205,0.04,23.49,2026-09-05T06:02:12.988248+00:00
Houston,highest,J+1,2026-09-06,highest-temperature-in-houston-on-september-6-2026,98-99°F,14886882397399251999559438189630610913534323758441631304634549642838133636389,0.005,70,0.01,348.31,2026-09-05T06:02:12.988248+00:00
Houston,highest,J+1,2026-09-06,highest-temperature-in-houston-on-september-6-2026,100°F or higher,40925763357163848383635027900353248798194466190758723125786915695820689561757,0.001,388.95,0.018,20,2026-09-05T06:02:12.988248+00:00
Houston,highest,J+1,2026-09-06,highest-temperature-in-houston-on-september-6-2026,81°F or below,88786257313539555225399897592370108514942647629806549890968359901512160643818,0.003,10,0.01,520.41,2026-09-05T06:02:12.988248+00:00
Houston,lowest,J+0,2026-09-05,lowest-temperature-in-houston-on-september-5-2026,69°F or below,63589571416105710113071667975900454036180865017051152011606488570119667952394,,,0.39,25.46,2026-09-05T06:02:15.907414+00:00
Houston,lowest,J+0,2026-09-05,lowest-temperature-in-houston-on-september-5-2026,70-71°F,20830699535809699155050868245051207652319682181404546232213703177055045112848,0.001,35,0.006,167,2026-09-05T06:02:15.907414+00:00
Houston,lowest,J+0,2026-09-05,lowest-temperature-in-houston-on-september-5-2026,72-73°F,29681942688450264213517374767570927414449246336162141631738150089786029343727,0.01,37,0.49,10,2026-09-05T06:02:15.907414+00:00
Houston,lowest,J+0,2026-09-05,lowest-temperature-in-houston-on-september-5-2026,74-75°F,63520646688139243879410689750695588314596715535268260795294975182364152919297,0.03,16,0.49,10,2026-09-05T06:02:15.907414+00:00
Houston,lowest,J+0,2026-09-05,lowest-temperature-in-houston-on-september-5-2026,76-77°F,73888022838899357204927355696762317417230868365488103785735134341598198208821,0.1,10,0.5,16,2026-09-05T06:02:15.907414+00:00
Houston,lowest,J+0,2026-09-05,lowest-temperature-in-houston-on-september-5-2026,78-79°F,9067494698486521154933000222350500972546639142532784482851328421905088749961,0.03,21,0.4,6.66,2026-09-05T06:02:15.907414+00:00
Houston,lowest,J+0,2026-09-05,lowest-temperature-in-houston-on-september-5-2026,80-81°F,81160493052673444764886359781986406283918717289609610941709907510651428362556,0.04,16,0.5,16,2026-09-05T06:02:15.907414+00:00
Houston,lowest,J+0,2026-09-05,lowest-temperature-in-houston-on-september-5-2026,82-83°F,11995462866523166301641415885618429486465299543239892542426932240212955166741,,,0.005,10,2026-09-05T06:02:15.907414+00:00
Houston,lowest,J+0,2026-09-05,lowest-temperature-in-houston-on-september-5-2026,84-85°F,112787937477271766127488529301896887395972206866430747959349037944666307165362,,,0.009,450,2026-09-05T06:02:15.907414+00:00
Houston,lowest,J+0,2026-09-05,lowest-temperature-in-houston-on-september-5-2026,86-87°F,29011565070448618684653294977542417106206934368924829490450633817028994752902,,,0.008,168,2026-09-05T06:02:15.907414+00:00
Houston,lowest,J+0,2026-09-05,lowest-temperature-in-houston-on-september-5-2026,88°F or higher,114695141712304307996892119170322323009271759360331363031627316675460213701196,,,0.009,450,2026-09-05T06:02:15.907414+00:00
Houston,lowest,J+1,2026-09-06,lowest-temperature-in-houston-on-september-6-2026,69°F or below,84117888153775842409782601135755444239369930054978200620651221680341688205910,,,0.02,20,2026-09-05T06:02:18.947801+00:00
Houston,lowest,J+1,2026-09-06,lowest-temperature-in-houston-on-september-6-2026,70-71°F,26941548316132421971019626548292910964283365153006636717518189715677875132127,,,0.45,50.3,2026-09-05T06:02:18.947801+00:00
Houston,lowest,J+1,2026-09-06,lowest-temperature-in-houston-on-september-6-2026,72-73°F,46322836001261780489076256696832386654737171916666855544298451242358860447608,,,0.46,50.86,2026-09-05T06:02:18.947801+00:00
Houston,lowest,J+1,2026-09-06,lowest-temperature-in-houston-on-september-6-2026,74-75°F,111766657042409480551657607788130147914673743203491565669640606033541008245285,0.03,22,0.47,51.44,2026-09-05T06:02:18.947801+00:00
Houston,lowest,J+1,2026-09-06,lowest-temperature-in-houston-on-september-6-2026,76-77°F,47165503752113926120214419157846874656246182962665993716575982870628217676678,0.17,49.01,0.5,16,2026-09-05T06:02:18.947801+00:00
Houston,lowest,J+1,2026-09-06,lowest-temperature-in-houston-on-september-6-2026,78-79°F,7431502340396361914941692543892916178672796270113461684418973087275023072041,0.38,5,0.5,16,2026-09-05T06:02:18.947801+00:00
Houston,lowest,J+1,2026-09-06,lowest-temperature-in-houston-on-september-6-2026,80-81°F,13614661805773790908003790938512092886659469388614188194824624685454317514642,,,0.45,50.3,2026-09-05T06:02:18.947801+00:00
Houston,lowest,J+1,2026-09-06,lowest-temperature-in-houston-on-september-6-2026,82-83°F,10400331496137143439374165536640232690290051000512932347337815652010657345461,,,0.46,50.86,2026-09-05T06:02:18.947801+00:00
Houston,lowest,J+1,2026-09-06,lowest-temperature-in-houston-on-september-6-2026,84-85°F,52709056276357932937051270321324858445987126480493744636969948068281007390926,,,0.08,45.05,2026-09-05T06:02:18.947801+00:00
Houston,lowest,J+1,2026-09-06,lowest-temperature-in-houston-on-september-6-2026,86-87°F,24053595002829437499583306661858112417959244439356418325407085076182065455555,,,0.08,45.09,2026-09-05T06:02:18.947801+00:00
Houston,lowest,J+1,2026-09-06,lowest-temperature-in-houston-on-september-6-2026,88°F or higher,30277869027431791029362144277513411900529251373119826708753090857612572698866,,,0.53,10,2026-09-05T06:02:18.947801+00:00
Seattle,highest,J+0,2026-09-05,highest-temperature-in-seattle-on-september-5-2026,59°F or below,103558244898060300258544360017750338395133945223577809798004990253259033565390,0.001,5.31,0.002,45,2026-09-05T06:02:21.909682+00:00
Seattle,highest,J+0,2026-09-05,highest-temperature-in-seattle-on-september-5-2026,60-61°F,106275886894246378802372720171523807636562089098693149737968386461662468077161,0.001,116.99,0.006,335,2026-09-05T06:02:21.909682+00:00
Seattle,highest,J+0,2026-09-05,highest-temperature-in-seattle-on-september-5-2026,62-63°F,52029526509338177500596870606351826630610570724390144149706403934357210224111,0.01,46,0.03,25.95,2026-09-05T06:02:21.909682+00:00
Seattle,highest,J+0,2026-09-05,highest-temperature-in-seattle-on-september-5-2026,64-65°F,2399646851418750736539849380858166052049420860777050238891831854221534759059,0.02,61.56,0.04,233.75,2026-09-05T06:02:21.909682+00:00
Seattle,highest,J+0,2026-09-05,highest-temperature-in-seattle-on-september-5-2026,66-67°F,63132439611877570856365900832781481782166303847471626298849907434883291182817,0.08,0.07,0.09,99.26,2026-09-05T06:02:21.909682+00:00
Seattle,highest,J+0,2026-09-05,highest-temperature-in-seattle-on-september-5-2026,68-69°F,8714266176462752369091296670082812564343110841903481574838365856840339764951,0.36,144.28,0.37,26,2026-09-05T06:02:21.909682+00:00
Seattle,highest,J+0,2026-09-05,highest-temperature-in-seattle-on-september-5-2026,70-71°F,83999944302365399433814997981345321972929761892621781420660862529053862123624,0.33,93.16,0.34,31.13,2026-09-05T06:02:21.909682+00:00
Seattle,highest,J+0,2026-09-05,highest-temperature-in-seattle-on-september-5-2026,72-73°F,73321662815780627930227623716388848708761188725179518975209154870835691640157,0.1,258.22,0.12,9.58,2026-09-05T06:02:21.909682+00:00
Seattle,highest,J+0,2026-09-05,highest-temperature-in-seattle-on-september-5-2026,74-75°F,29013319922498480940990895629975741552671080855535295148145642411828114738114,0.03,10,0.04,15,2026-09-05T06:02:21.909682+00:00
Seattle,highest,J+0,2026-09-05,highest-temperature-in-seattle-on-september-5-2026,76-77°F,56310981702929112005637915055361449856031483054315142508955786539833395837982,0.001,57.94,0.013,10,2026-09-05T06:02:21.909682+00:00
Seattle,highest,J+0,2026-09-05,highest-temperature-in-seattle-on-september-5-2026,78°F or higher,48575942568235676163827820970563015298657993778235601761096339054856384452191,0.001,105.32,0.002,83.66,2026-09-05T06:02:21.909682+00:00
Seattle,highest,J+1,2026-09-06,highest-temperature-in-seattle-on-september-6-2026,63°F or below,38560244860057898200992229412607034973911468563603780528255782962547700585776,0.002,176,0.003,411.9,2026-09-05T06:02:24.872134+00:00
Seattle,highest,J+1,2026-09-06,highest-temperature-in-seattle-on-september-6-2026,64-65°F,32508195595943585333458414201829856642335945175691943487084397921250892844888,0.01,7,0.02,174.44,2026-09-05T06:02:24.872134+00:00
Seattle,highest,J+1,2026-09-06,highest-temperature-in-seattle-on-september-6-2026,66-67°F,107761158038263308957230745886162966177077721429676813765302823320762797703428,0.01,60,0.04,32.68,2026-09-05T06:02:24.872134+00:00
Seattle,highest,J+1,2026-09-06,highest-temperature-in-seattle-on-september-6-2026,68-69°F,104290945878960734059911409446739850088999667428948538370438763641008723582486,0.08,55.4,0.11,113.29,2026-09-05T06:02:24.872134+00:00
Seattle,highest,J+1,2026-09-06,highest-temperature-in-seattle-on-september-6-2026,70-71°F,106641877650902537565881499015826996982675249884617402596175557883118431021164,0.26,908,0.28,204.21,2026-09-05T06:02:24.872134+00:00
Seattle,highest,J+1,2026-09-06,highest-temperature-in-seattle-on-september-6-2026,72-73°F,14693528244945645902984043024052492389381399457264817510371060273592060556310,0.4,411.54,0.41,217,2026-09-05T06:02:24.872134+00:00
Seattle,highest,J+1,2026-09-06,highest-temperature-in-seattle-on-september-6-2026,74-75°F,33492970932177577777192034387498125577867684179707834926704908847727812837632,0.13,678.67,0.16,56,2026-09-05T06:02:24.872134+00:00
Seattle,highest,J+1,2026-09-06,highest-temperature-in-seattle-on-september-6-2026,76-77°F,109664570411093433547267604981562512112194445114050573744330254535627292530262,0.04,5.5,0.06,6,2026-09-05T06:02:24.872134+00:00
Seattle,highest,J+1,2026-09-06,highest-temperature-in-seattle-on-september-6-2026,78-79°F,81889280363112619380846210161203934314854864042782377567989288737705103073205,0.005,80,0.01,78.51,2026-09-05T06:02:24.872134+00:00
Seattle,highest,J+1,2026-09-06,highest-temperature-in-seattle-on-september-6-2026,80-81°F,106299406748268294781067155127101235652505818391309081140436006988578852085655,0.005,80,0.01,156.62,2026-09-05T06:02:24.872134+00:00
Seattle,highest,J+1,2026-09-06,highest-temperature-in-seattle-on-september-6-2026,82°F or higher,79448695145282604499330353796203193480442379416645740963952273005035934355806,0.001,314.95,0.01,46.27,2026-09-05T06:02:24.872134+00:00
Seattle,lowest,J+0,2026-09-05,lowest-temperature-in-seattle-on-september-5-2026,45°F or below,98223737097328632131353979023846886375615748941684233359491447256096783770717,,,0.16,9,2026-09-05T06:02:27.819573+00:00
Seattle,lowest,J+0,2026-09-05,lowest-temperature-in-seattle-on-september-5-2026,46-47°F,36709169632275658783830750944384757931483090867779042723260898297892746704797,,,0.15,9,2026-09-05T06:02:27.819573+00:00
Seattle,lowest,J+0,2026-09-05,lowest-temperature-in-seattle-on-september-5-2026,48-49°F,5355240533444691462066234220043701378802501090322532400047680903309430434887,0.01,37,0.18,9,2026-09-05T06:02:27.819573+00:00
Seattle,lowest,J+0,2026-09-05,lowest-temperature-in-seattle-on-september-5-2026,50-51°F,27947339702821931439416070026999403048436823551531019396840280190689578094965,0.11,10,0.5,16,2026-09-05T06:02:27.819573+00:00
Seattle,lowest,J+0,2026-09-05,lowest-temperature-in-seattle-on-september-5-2026,52-53°F,88949097740823995993265360612056215392747033121404710023624311657608454592737,0.22,15,0.39,6.55,2026-09-05T06:02:27.819573+00:00
Seattle,lowest,J+0,2026-09-05,lowest-temperature-in-seattle-on-september-5-2026,54-55°F,113830032673651910798331251492735410240872024691230463478400527941244173346642,0.04,10,0.5,16,2026-09-05T06:02:27.819573+00:00
Seattle,lowest,J+0,2026-09-05,lowest-temperature-in-seattle-on-september-5-2026,56-57°F,52456021769496753678870065687000524730735446823110937174489669174351109786795,0.01,37,0.17,9,2026-09-05T06:02:27.819573+00:00
Seattle,lowest,J+0,2026-09-05,lowest-temperature-in-seattle-on-september-5-2026,58-59°F,47973428077528874576083736693964025799707429044937408212298586534121912456345,,,0.15,9,2026-09-05T06:02:27.819573+00:00
Seattle,lowest,J+0,2026-09-05,lowest-temperature-in-seattle-on-september-5-2026,60-61°F,102915016339443405420183916974162058739023127954131380861380524846200463066210,,,0.15,9,2026-09-05T06:02:27.819573+00:00
Seattle,lowest,J+0,2026-09-05,lowest-temperature-in-seattle-on-september-5-2026,62-63°F,39784446228945258603851756216710272864386116062614289384734369915434540011379,,,0.15,75,2026-09-05T06:02:27.819573+00:00
Seattle,lowest,J+0,2026-09-05,lowest-temperature-in-seattle-on-september-5-2026,64°F or higher,112866250473158218207585064798675247677909683800345804103847130242003337008572,,,0.12,18,2026-09-05T06:02:27.819573+00:00
Seattle,lowest,J+1,2026-09-06,lowest-temperature-in-seattle-on-september-6-2026,45°F or below,32614912391601181814478062331547710901659140664162119959527354183877263166728,,,0.13,40,2026-09-05T06:02:30.786142+00:00
Seattle,lowest,J+1,2026-09-06,lowest-temperature-in-seattle-on-september-6-2026,46-47°F,104617966645932095514122523369572037059968961842210285030752828396995445817828,,,0.16,9,2026-09-05T06:02:30.786142+00:00
Seattle,lowest,J+1,2026-09-06,lowest-temperature-in-seattle-on-september-6-2026,48-49°F,55490879460212075072226468544734296364523539438558562012236040513401428120164,0.03,6,0.18,9,2026-09-05T06:02:30.786142+00:00
Seattle,lowest,J+1,2026-09-06,lowest-temperature-in-seattle-on-september-6-2026,50-51°F,81681170833635978675619329926055228159650061817895017681372247870596062202583,0.11,10,0.48,52.04,2026-09-05T06:02:30.786142+00:00
Seattle,lowest,J+1,2026-09-06,lowest-temperature-in-seattle-on-september-6-2026,52-53°F,51910644037603089954810549082513611260325548951885289741207114527620385695723,0.25,211,0.5,16,2026-09-05T06:02:30.786142+00:00
Seattle,lowest,J+1,2026-09-06,lowest-temperature-in-seattle-on-september-6-2026,54-55°F,29821886810037464179952513826338695283769760771508141397993670983317768738575,0.16,409.16,0.5,16,2026-09-05T06:02:30.786142+00:00
Seattle,lowest,J+1,2026-09-06,lowest-temperature-in-seattle-on-september-6-2026,56-57°F,101633943739250829071640551755136658124600245288024246094588281519956148735853,,,0.17,9,2026-09-05T06:02:30.786142+00:00
Seattle,lowest,J+1,2026-09-06,lowest-temperature-in-seattle-on-september-6-2026,58-59°F,60852401378699130957162718177014918206167353438607674879097396230246403311233,,,0.15,9,2026-09-05T06:02:30.786142+00:00
Seattle,lowest,J+1,2026-09-06,lowest-temperature-in-seattle-on-september-6-2026,60-61°F,22220344238271780073307984023588677047512925203993170195637278698356780480774,,,0.15,9,2026-09-05T06:02:30.786142+00:00
Seattle,lowest,J+1,2026-09-06,lowest-temperature-in-seattle-on-september-6-2026,62-63°F,102866675321009860963148767467886371578139384880385627289703295139309345775979,,,0.15,9,2026-09-05T06:02:30.786142+00:00
Seattle,lowest,J+1,2026-09-06,lowest-temperature-in-seattle-on-september-6-2026,64°F or higher,70764215676684124939131856246093008536261674332157142648845366403119090140810,,,0.08,100,2026-09-05T06:02:30.786142+00:00
Atlanta,highest,J+0,2026-09-05,highest-temperature-in-atlanta-on-september-5-2026,85°F or below,86963449250770683057009043006146546652610868504174676265458097952290716157685,,,0.001,217.53,2026-09-05T06:02:33.763620+00:00
Atlanta,highest,J+0,2026-09-05,highest-temperature-in-atlanta-on-september-5-2026,86-87°F,58044317171659484671434072745380677835333054893947276355319046182933872024859,,,0.001,398.71,2026-09-05T06:02:33.763620+00:00
Atlanta,highest,J+0,2026-09-05,highest-temperature-in-atlanta-on-september-5-2026,88-89°F,3502942100692188735509957057620184925109629696930908205725110170736172972396,,,0.001,302.95,2026-09-05T06:02:33.763620+00:00
Atlanta,highest,J+0,2026-09-05,highest-temperature-in-atlanta-on-september-5-2026,90-91°F,24243756038465232256529637106590745131508466709262972466779602764477472124293,0.002,1456.32,0.009,63.68,2026-09-05T06:02:33.763620+00:00
Atlanta,highest,J+0,2026-09-05,highest-temperature-in-atlanta-on-september-5-2026,92-93°F,36391771980197937137024223491504621287213885107337519014320374180354912325192,0.02,10.08,0.04,194.03,2026-09-05T06:02:33.763620+00:00
Atlanta,highest,J+0,2026-09-05,highest-temperature-in-atlanta-on-september-5-2026,94-95°F,75077110853698875810006058195076644160071516335018267976778658865931970338021,0.11,192.03,0.12,10,2026-09-05T06:02:33.763620+00:00
Atlanta,highest,J+0,2026-09-05,highest-temperature-in-atlanta-on-september-5-2026,96-97°F,89601183538135570943600931608348757813915020247969880557236922403719942272765,0.43,10,0.44,15,2026-09-05T06:02:33.763620+00:00
Atlanta,highest,J+0,2026-09-05,highest-temperature-in-atlanta-on-september-5-2026,98-99°F,80034814038722000261620944319114826397744352883073338717082983422175221826928,0.38,462.18,0.39,300,2026-09-05T06:02:33.763620+00:00
Atlanta,highest,J+0,2026-09-05,highest-temperature-in-atlanta-on-september-5-2026,100-101°F,42007023918831095373444311487332691992672862029790490206279264309209430915186,0.06,16,0.08,39.73,2026-09-05T06:02:33.763620+00:00
Atlanta,highest,J+0,2026-09-05,highest-temperature-in-atlanta-on-september-5-2026,102-103°F,34012022039144057107229774162329904468503631259787772825883697528559695845662,0.01,576.24,0.02,247.09,2026-09-05T06:02:33.763620+00:00
Atlanta,highest,J+0,2026-09-05,highest-temperature-in-atlanta-on-september-5-2026,104°F or higher,85256770534029062897206304997884066788775646908327759181987590534231574220062,0.001,660.86,0.003,84.59,2026-09-05T06:02:33.763620+00:00
Atlanta,highest,J+1,2026-09-06,highest-temperature-in-atlanta-on-september-6-2026,86-87°F,93863619272247596826355700496099551059594541328249863103145021425308122731751,0.002,351,0.016,623.69,2026-09-05T06:02:36.725247+00:00
Atlanta,highest,J+1,2026-09-06,highest-temperature-in-atlanta-on-september-6-2026,88-89°F,107502578632130939182490434906493712645293462868574522490492928794275541218890,0.001,207.49,0.009,7.5,2026-09-05T06:02:36.725247+00:00
Atlanta,highest,J+1,2026-09-06,highest-temperature-in-atlanta-on-september-6-2026,90-91°F,66877806002856956202011494167766286749046783706227476141735912509660181673244,0.01,456.18,0.03,14.17,2026-09-05T06:02:36.725247+00:00
Atlanta,highest,J+1,2026-09-06,highest-temperature-in-atlanta-on-september-6-2026,92-93°F,514060418930764967251376892327990169788137628306485085896027049938632403063,0.04,53.9,0.07,26.1,2026-09-05T06:02:36.725247+00:00
Atlanta,highest,J+1,2026-09-06,highest-temperature-in-atlanta-on-september-6-2026,94-95°F,84787657212427281790727849661584676373304958681963408177977584298199462512125,0.27,870.89,0.31,5,2026-09-05T06:02:36.725247+00:00
Atlanta,highest,J+1,2026-09-06,highest-temperature-in-atlanta-on-september-6-2026,96-97°F,55853416608926945241031490981331119693110039496284228666111530663286859222890,0.5,200,0.51,314.56,2026-09-05T06:02:36.725247+00:00
Atlanta,highest,J+1,2026-09-06,highest-temperature-in-atlanta-on-september-6-2026,98-99°F,39787187063206172272206622234637111770838814840186327439976144934387571406242,0.12,79,0.16,137.52,2026-09-05T06:02:36.725247+00:00
Atlanta,highest,J+1,2026-09-06,highest-temperature-in-atlanta-on-september-6-2026,100-101°F,60765261198894815219982514286726838089017741663286662737683784761886439315048,0.02,557.99,0.04,55,2026-09-05T06:02:36.725247+00:00
Atlanta,highest,J+1,2026-09-06,highest-temperature-in-atlanta-on-september-6-2026,102-103°F,21296271077846513436947264054033697426393940729150329447173192778887542150286,0.01,67.26,0.03,150,2026-09-05T06:02:36.725247+00:00
Atlanta,highest,J+1,2026-09-06,highest-temperature-in-atlanta-on-september-6-2026,104°F or higher,27037357935353414638132044689597211648894478455949063762651387629783646263061,0.001,117.01,0.005,250.7,2026-09-05T06:02:36.725247+00:00
Atlanta,highest,J+1,2026-09-06,highest-temperature-in-atlanta-on-september-6-2026,85°F or below,3504386015819037897886394773339480418540943277804809879703992845709185815639,0.002,301.51,0.01,975.97,2026-09-05T06:02:36.725247+00:00
Atlanta,lowest,J+0,2026-09-05,lowest-temperature-in-atlanta-on-september-5-2026,67°F or below,25026370638707269551319331241760440099582032525075168033112415291294864624277,,,0.05,8.43,2026-09-05T06:02:39.851313+00:00
Atlanta,lowest,J+0,2026-09-05,lowest-temperature-in-atlanta-on-september-5-2026,68-69°F,65303425140086985782161071161158215889041976073648260133870095528736025172177,,,0.06,8.51,2026-09-05T06:02:39.851313+00:00
Atlanta,lowest,J+0,2026-09-05,lowest-temperature-in-atlanta-on-september-5-2026,70-71°F,51417207954974433121597969285223034331563970626077002477798285611391116755855,0.01,37,0.16,6.55,2026-09-05T06:02:39.851313+00:00
Atlanta,lowest,J+0,2026-09-05,lowest-temperature-in-atlanta-on-september-5-2026,72-73°F,50730353765776360370691041538972955981569542613135542586382352386014355308971,0.02,37,0.49,10,2026-09-05T06:02:39.851313+00:00
Atlanta,lowest,J+0,2026-09-05,lowest-temperature-in-atlanta-on-september-5-2026,74-75°F,38284032265574578688343645211025979341353529353845673327128704626392205555853,0.08,10,0.5,16,2026-09-05T06:02:39.851313+00:00
Atlanta,lowest,J+0,2026-09-05,lowest-temperature-in-atlanta-on-september-5-2026,76-77°F,26596898315162137328934931008550009683405487423430217506165397423179563232998,0.1,10,0.5,16,2026-09-05T06:02:39.851313+00:00
Atlanta,lowest,J+0,2026-09-05,lowest-temperature-in-atlanta-on-september-5-2026,78-79°F,39902514648367360058658040358888454664800128376146660830112210008618519929173,0.02,2.83,0.18,9,2026-09-05T06:02:39.851313+00:00
Atlanta,lowest,J+0,2026-09-05,lowest-temperature-in-atlanta-on-september-5-2026,80-81°F,65831234880623720993728434143844667840964955428047811634293039740992864516714,,,0.001,1180,2026-09-05T06:02:39.851313+00:00
Atlanta,lowest,J+0,2026-09-05,lowest-temperature-in-atlanta-on-september-5-2026,82-83°F,8675542772684678007433549584346492106875908349850926459656501127603614854971,,,0.001,250.1,2026-09-05T06:02:39.851313+00:00
Atlanta,lowest,J+0,2026-09-05,lowest-temperature-in-atlanta-on-september-5-2026,84-85°F,32208539232797424601125979482962969354631127199965890901282623114038078025429,,,0.001,150,2026-09-05T06:02:39.851313+00:00
Atlanta,lowest,J+0,2026-09-05,lowest-temperature-in-atlanta-on-september-5-2026,86°F or higher,112659884307254136999090750723682645895021406685025574925862536983037405695816,,,0.001,150,2026-09-05T06:02:39.851313+00:00
Atlanta,lowest,J+1,2026-09-06,lowest-temperature-in-atlanta-on-september-6-2026,67°F or below,36213613213021247420878515947387487782399054903261339795325839511690855572049,,,0.13,20,2026-09-05T06:02:42.790668+00:00
Atlanta,lowest,J+1,2026-09-06,lowest-temperature-in-atlanta-on-september-6-2026,68-69°F,451723287480650253541964486307267149175102434548098278923286822931451350074,,,0.15,19.6,2026-09-05T06:02:42.790668+00:00
Atlanta,lowest,J+1,2026-09-06,lowest-temperature-in-atlanta-on-september-6-2026,70-71°F,12500576311706377930290598540646633646522912169115688070343523571702630328039,,,0.15,9.8,2026-09-05T06:02:42.790668+00:00
Atlanta,lowest,J+1,2026-09-06,lowest-temperature-in-atlanta-on-september-6-2026,72-73°F,15846654421817508116842793575940637231055184513098687547120342964502074565486,0.03,16,0.48,32.04,2026-09-05T06:02:42.790668+00:00
Atlanta,lowest,J+1,2026-09-06,lowest-temperature-in-atlanta-on-september-6-2026,74-75°F,109023505537605006838631492610583729446985515372348274938791337593415124110631,0.1,505,0.5,16,2026-09-05T06:02:42.790668+00:00
Atlanta,lowest,J+1,2026-09-06,lowest-temperature-in-atlanta-on-september-6-2026,76-77°F,21427123759152770242451926234378009496867906529474257061295134721562069348782,0.22,6,0.5,16,2026-09-05T06:02:42.790668+00:00
Atlanta,lowest,J+1,2026-09-06,lowest-temperature-in-atlanta-on-september-6-2026,78-79°F,68163939811663151831880974488734318734753514543652129425261749123681925034469,0.07,248.09,0.48,15,2026-09-05T06:02:42.790668+00:00
Atlanta,lowest,J+1,2026-09-06,lowest-temperature-in-atlanta-on-september-6-2026,80-81°F,80696941466996437608064821897254968571939906344112772048267934104989723818376,,,0.16,9,2026-09-05T06:02:42.790668+00:00
Atlanta,lowest,J+1,2026-09-06,lowest-temperature-in-atlanta-on-september-6-2026,82-83°F,79381285438799403933054838248384459087866805401290915879416096315545088042548,,,0.15,19.6,2026-09-05T06:02:42.790668+00:00
Atlanta,lowest,J+1,2026-09-06,lowest-temperature-in-atlanta-on-september-6-2026,84-85°F,115300471325623727675978482154459856630495149391883467619837716496158438513667,,,0.08,25.12,2026-09-05T06:02:42.790668+00:00
Atlanta,lowest,J+1,2026-09-06,lowest-temperature-in-atlanta-on-september-6-2026,86°F or higher,88755598506098777204147547804058948924887648948629699636569331190974169166566,,,0.13,20,2026-09-05T06:02:42.790668+00:00
Los Angeles,highest,J+0,2026-09-05,highest-temperature-in-los-angeles-on-september-5-2026,67°F or below,78126835913815233850394669464891905709338314550874066448878323626496724362897,,,0.001,190,2026-09-05T06:02:45.733323+00:00
Los Angeles,highest,J+0,2026-09-05,highest-temperature-in-los-angeles-on-september-5-2026,68-69°F,83842215098383057856248671432941118987125028057180959864821590765874411294800,,,0.005,398.81,2026-09-05T06:02:45.733323+00:00
Los Angeles,highest,J+0,2026-09-05,highest-temperature-in-los-angeles-on-september-5-2026,70-71°F,52213734509181320626742209343166623604055273110821064806612756101160010856544,0.002,2.36,0.003,22,2026-09-05T06:02:45.733323+00:00
Los Angeles,highest,J+0,2026-09-05,highest-temperature-in-los-angeles-on-september-5-2026,72-73°F,15583833656627014290492114495846174797962525861524103561409750853853541313336,0.002,5,0.019,64.51,2026-09-05T06:02:45.733323+00:00
Los Angeles,highest,J+0,2026-09-05,highest-temperature-in-los-angeles-on-september-5-2026,74-75°F,84575498553661532285305673744927065505546303222351482505532146204203385067461,0.001,189.89,0.022,100,2026-09-05T06:02:45.733323+00:00
Los Angeles,highest,J+0,2026-09-05,highest-temperature-in-los-angeles-on-september-5-2026,76-77°F,107184855889554985175559768590359478835382484088437615872014262287077409110356,0.04,12.94,0.07,334.04,2026-09-05T06:02:45.733323+00:00
Los Angeles,highest,J+0,2026-09-05,highest-temperature-in-los-angeles-on-september-5-2026,78-79°F,93423751022376001867594486137969837878503553413364539313940495700899869773037,0.38,123.25,0.39,95,2026-09-05T06:02:45.733323+00:00
Los Angeles,highest,J+0,2026-09-05,highest-temperature-in-los-angeles-on-september-5-2026,80-81°F,25974994955960487060058456641479974731301546944525277614051400847336520582276,0.43,221.79,0.44,221.61,2026-09-05T06:02:45.733323+00:00
Los Angeles,highest,J+0,2026-09-05,highest-temperature-in-los-angeles-on-september-5-2026,82-83°F,61842135233741260716537165074833984540732216860407751972025784732807370788115,0.05,312.05,0.09,36.81,2026-09-05T06:02:45.733323+00:00
Los Angeles,highest,J+0,2026-09-05,highest-temperature-in-los-angeles-on-september-5-2026,84-85°F,27416014427104699257352362214543810045034800553998839912502112896074055882036,0.012,10,0.028,37.35,2026-09-05T06:02:45.733323+00:00
Los Angeles,highest,J+0,2026-09-05,highest-temperature-in-los-angeles-on-september-5-2026,86°F or higher,81692615948947133471576138996160513319160146901185362054747085948984961883631,0.002,2,0.003,73.64,2026-09-05T06:02:45.733323+00:00
Los Angeles,highest,J+1,2026-09-06,highest-temperature-in-los-angeles-on-september-6-2026,72-73°F,32872602199067842050712543314618141939744679204824459922772196061736622399157,,,0.03,61,2026-09-05T06:02:48.730629+00:00
Los Angeles,highest,J+1,2026-09-06,highest-temperature-in-los-angeles-on-september-6-2026,74-75°F,10736656266110939097098436909379246329322308824927092266468673263959854561058,0.03,143,0.06,27.39,2026-09-05T06:02:48.730629+00:00
Los Angeles,highest,J+1,2026-09-06,highest-temperature-in-los-angeles-on-september-6-2026,76-77°F,45967478224457265393858731832452481844814790000198573209351794817254669295917,0.2,15,0.22,65.99,2026-09-05T06:02:48.730629+00:00
Los Angeles,highest,J+1,2026-09-06,highest-temperature-in-los-angeles-on-september-6-2026,78-79°F,58911205785729978627537810287651225798147830906949582693565094756158806813439,0.46,158.07,0.48,5,2026-09-05T06:02:48.730629+00:00
Los Angeles,highest,J+1,2026-09-06,highest-temperature-in-los-angeles-on-september-6-2026,80-81°F,36916740103984215944161812156631428738769928107762516283154571566477476394817,0.19,5,0.22,312.94,2026-09-05T06:02:48.730629+00:00
Los Angeles,highest,J+1,2026-09-06,highest-temperature-in-los-angeles-on-september-6-2026,82-83°F,79009883543569330188301357100625633793454482710514537109574256086098909438152,0.04,60,0.07,11,2026-09-05T06:02:48.730629+00:00
Los Angeles,highest,J+1,2026-09-06,highest-temperature-in-los-angeles-on-september-6-2026,84-85°F,5471153705364375853821227359838241547442915966321368333077306741465071321031,0.002,450.75,0.015,38.75,2026-09-05T06:02:48.730629+00:00
Los Angeles,highest,J+1,2026-09-06,highest-temperature-in-los-angeles-on-september-6-2026,86°F or higher,45645591296965919606054635196935995534316063952636538198024488038283048747313,0.002,160,0.01,37.51,2026-09-05T06:02:48.730629+00:00
Los Angeles,highest,J+1,2026-09-06,highest-temperature-in-los-angeles-on-september-6-2026,67°F or below,47887721663651627215669408053484655964903682419942650490651260646244642345381,0.005,80,0.016,250.75,2026-09-05T06:02:48.730629+00:00
Los Angeles,highest,J+1,2026-09-06,highest-temperature-in-los-angeles-on-september-6-2026,68-69°F,6626486459897466155179179143352084685364004406685030967361114247438436646707,,,0.02,61,2026-09-05T06:02:48.730629+00:00
Los Angeles,highest,J+1,2026-09-06,highest-temperature-in-los-angeles-on-september-6-2026,70-71°F,28074600104030354199385982967074645936792773727958779890381489885686973725693,,,0.02,61,2026-09-05T06:02:48.730629+00:00
Los Angeles,lowest,J+0,2026-09-05,lowest-temperature-in-los-angeles-on-september-5-2026,58-59°F,44912502837190922559091401820656550991385425701658659436590003037433778083253,0.01,32,0.82,6,2026-09-05T06:02:51.718809+00:00
Los Angeles,lowest,J+0,2026-09-05,lowest-temperature-in-los-angeles-on-september-5-2026,60-61°F,51312849799852760480482310515245320442473327527056351936634338706891828757336,0.01,37,0.5,16,2026-09-05T06:02:51.718809+00:00
Los Angeles,lowest,J+0,2026-09-05,lowest-temperature-in-los-angeles-on-september-5-2026,62-63°F,72221309402794572468768621959142678302548809755004753977290051976310803956679,0.02,9,0.49,10,2026-09-05T06:02:51.718809+00:00
Los Angeles,lowest,J+0,2026-09-05,lowest-temperature-in-los-angeles-on-september-5-2026,64-65°F,113646559086663035805878471392668547008191824612915112035627661642324296341561,0.09,10,0.82,20,2026-09-05T06:02:51.718809+00:00
Los Angeles,lowest,J+0,2026-09-05,lowest-temperature-in-los-angeles-on-september-5-2026,66-67°F,17553076463306239474472349083711236873162141738881925716888502842786044134703,0.13,366,0.53,6,2026-09-05T06:02:51.718809+00:00
Los Angeles,lowest,J+0,2026-09-05,lowest-temperature-in-los-angeles-on-september-5-2026,68-69°F,88665309422827334480547747288379476162130061077174739280773832288862361926953,0.02,7.87,0.13,7.1,2026-09-05T06:02:51.718809+00:00
Los Angeles,lowest,J+0,2026-09-05,lowest-temperature-in-los-angeles-on-september-5-2026,70-71°F,17529690355196508510890920444410771343835029284623823112053676156952005189563,,,0.5,6,2026-09-05T06:02:51.718809+00:00
Los Angeles,lowest,J+0,2026-09-05,lowest-temperature-in-los-angeles-on-september-5-2026,72-73°F,6558631590209425755950021372356453791948626083600775900218297376341613965231,,,0.5,6,2026-09-05T06:02:51.718809+00:00
Los Angeles,lowest,J+0,2026-09-05,lowest-temperature-in-los-angeles-on-september-5-2026,74°F or higher,82938947315720732837480599806375055772978233481300537085673262205244621098088,,,0.91,225,2026-09-05T06:02:51.718809+00:00
Los Angeles,lowest,J+0,2026-09-05,lowest-temperature-in-los-angeles-on-september-5-2026,55°F or below,104788209228466109260207851481153124463635704866339205085779375947154612557407,,,0.81,45,2026-09-05T06:02:51.718809+00:00
Los Angeles,lowest,J+0,2026-09-05,lowest-temperature-in-los-angeles-on-september-5-2026,56-57°F,84242046949898418533436630724437782722905038670657588275284480391101881559049,0.01,32,0.5,16,2026-09-05T06:02:51.718809+00:00
Los Angeles,lowest,J+1,2026-09-06,lowest-temperature-in-los-angeles-on-september-6-2026,64-65°F,90407456474587230753826388583181595609830323068811353235550056056851135769462,,,0.21,80,2026-09-05T06:02:54.798079+00:00
Los Angeles,lowest,J+1,2026-09-06,lowest-temperature-in-los-angeles-on-september-6-2026,66-67°F,60345986663707914750948818738761053591915259352108877476731068935048774349182,0.03,14.01,0.14,20.8,2026-09-05T06:02:54.798079+00:00
Los Angeles,lowest,J+1,2026-09-06,lowest-temperature-in-los-angeles-on-september-6-2026,68-69°F,25009592504517467508738950351622624122864926157413380968532049852996188197833,0.11,10,0.44,5,2026-09-05T06:02:54.798079+00:00
Los Angeles,lowest,J+1,2026-09-06,lowest-temperature-in-los-angeles-on-september-6-2026,70-71°F,24125506554951974130255374128348376629882828499227301157244347267391052185139,0.11,534.18,0.39,11.68,2026-09-05T06:02:54.798079+00:00
Los Angeles,lowest,J+1,2026-09-06,lowest-temperature-in-los-angeles-on-september-6-2026,72-73°F,29990126926395090687831066910110445923525101319126520187593952389348517164516,0.11,458.18,0.47,5,2026-09-05T06:02:54.798079+00:00
Los Angeles,lowest,J+1,2026-09-06,lowest-temperature-in-los-angeles-on-september-6-2026,59°F or below,46301619740106972501604507571547426660448206431872607345956041496683424991650,,,0.42,48.84,2026-09-05T06:02:54.798079+00:00
Los Angeles,lowest,J+1,2026-09-06,lowest-temperature-in-los-angeles-on-september-6-2026,60-61°F,74212359135238593900218652692453647913618876012759431424139244348132589620772,,,0.49,49.67,2026-09-05T06:02:54.798079+00:00
Los Angeles,lowest,J+1,2026-09-06,lowest-temperature-in-los-angeles-on-september-6-2026,62-63°F,28360957319370994519511057822116880236665270484734192108524015232422993595726,,,0.49,52.67,2026-09-05T06:02:54.798079+00:00
Los Angeles,lowest,J+1,2026-09-06,lowest-temperature-in-los-angeles-on-september-6-2026,74-75°F,67815474622118294929525026909910371937627570745154617333701298906569086038659,,,0.27,80,2026-09-05T06:02:54.798079+00:00
Los Angeles,lowest,J+1,2026-09-06,lowest-temperature-in-los-angeles-on-september-6-2026,76-77°F,97607716402000415009634235027378946423478087310889139913316131931738976441658,0.001,309.52,0.01,382.51,2026-09-05T06:02:54.798079+00:00
Los Angeles,lowest,J+1,2026-09-06,lowest-temperature-in-los-angeles-on-september-6-2026,78°F or higher,44040086302158162883258164908048992514093634464310109777575668046853042456885,0.001,156,0.01,335.02,2026-09-05T06:02:54.798079+00:00
San Francisco,highest,J+0,2026-09-05,highest-temperature-in-san-francisco-on-september-5-2026,70-71°F,86513244973076917893165195146273340026094909871031716575113825507823838879198,0.46,164.41,0.47,5,2026-09-05T06:02:57.795516+00:00
San Francisco,highest,J+0,2026-09-05,highest-temperature-in-san-francisco-on-september-5-2026,72-73°F,37157418259368871817940668035864220143131036352223184792546057719584968518252,0.19,529.71,0.21,167.36,2026-09-05T06:02:57.795516+00:00
San Francisco,highest,J+0,2026-09-05,highest-temperature-in-san-francisco-on-september-5-2026,59°F or below,19938566958622531777170532359126790511645365865464755707888894147044173222240,,,0.002,5.9,2026-09-05T06:02:57.795516+00:00
San Francisco,highest,J+0,2026-09-05,highest-temperature-in-san-francisco-on-september-5-2026,60-61°F,110089453606842210961800178383131306034635375795960494227711227632933089691767,,,0.002,85.9,2026-09-05T06:02:57.795516+00:00
San Francisco,highest,J+0,2026-09-05,highest-temperature-in-san-francisco-on-september-5-2026,62-63°F,36480648613556180374133221270575409689353703114368628971739294635220459710317,0.001,125,0.01,12.15,2026-09-05T06:02:57.795516+00:00
San Francisco,highest,J+0,2026-09-05,highest-temperature-in-san-francisco-on-september-5-2026,64-65°F,32674665397232724134632985198917935180719279171701258050117327979108923798270,0.01,185,0.03,128.13,2026-09-05T06:02:57.795516+00:00
San Francisco,highest,J+0,2026-09-05,highest-temperature-in-san-francisco-on-september-5-2026,66-67°F,81827332149360870482614956805505501826749990120308918683186789402551945169751,0.04,112.2,0.06,169.39,2026-09-05T06:02:57.795516+00:00
San Francisco,highest,J+0,2026-09-05,highest-temperature-in-san-francisco-on-september-5-2026,68-69°F,115251119457890632102699960883334789711326962476527475052898891066229598146296,0.26,19.23,0.27,18.82,2026-09-05T06:02:57.795516+00:00
San Francisco,highest,J+0,2026-09-05,highest-temperature-in-san-francisco-on-september-5-2026,74-75°F,12996397845587046266467612293489217817550734171367201902453040474285562915055,0.04,34.11,0.06,5,2026-09-05T06:02:57.795516+00:00
San Francisco,highest,J+0,2026-09-05,highest-temperature-in-san-francisco-on-september-5-2026,76-77°F,77424090072444171029202876217239465088271345445530064733146899283623712174066,0.009,111,0.026,7.5,2026-09-05T06:02:57.795516+00:00
San Francisco,highest,J+0,2026-09-05,highest-temperature-in-san-francisco-on-september-5-2026,78°F or higher,23219086679842440688892561413446238311784697617261280086448751099234203464721,0.002,10,0.018,49.23,2026-09-05T06:02:57.795516+00:00
San Francisco,highest,J+1,2026-09-06,highest-temperature-in-san-francisco-on-september-6-2026,72-73°F,51624080176748820636919783456281983290365478774900017107237763972457702147968,0.06,5,0.09,89,2026-09-05T06:03:00.830874+00:00
San Francisco,highest,J+1,2026-09-06,highest-temperature-in-san-francisco-on-september-6-2026,74-75°F,76515963460382468722368232955101599654390740845663322275882942595327472137592,0.001,358,0.01,23.51,2026-09-05T06:03:00.830874+00:00
San Francisco,highest,J+1,2026-09-06,highest-temperature-in-san-francisco-on-september-6-2026,70-71°F,29659578582711900211681021581594724569622853531077349370540940672867871337695,0.38,240.97,0.39,175,2026-09-05T06:03:00.830874+00:00
San Francisco,highest,J+1,2026-09-06,highest-temperature-in-san-francisco-on-september-6-2026,59°F or below,26451596197210018488321705749463468711555588183094053877220864892790788330472,0.002,292,0.003,305.8,2026-09-05T06:03:00.830874+00:00
San Francisco,highest,J+1,2026-09-06,highest-temperature-in-san-francisco-on-september-6-2026,60-61°F,69623123058204859278479441879251915439682485010524530385572513810197742209957,0.006,10,0.02,40,2026-09-05T06:03:00.830874+00:00
San Francisco,highest,J+1,2026-09-06,highest-temperature-in-san-francisco-on-september-6-2026,62-63°F,12830517615093202399905837121829020069978937542876958033844216470610391519402,0.01,108.04,0.03,25,2026-09-05T06:03:00.830874+00:00
San Francisco,highest,J+1,2026-09-06,highest-temperature-in-san-francisco-on-september-6-2026,64-65°F,61181397022709167534106583325810931400376117063079672211409662481770839027479,0.01,151,0.04,60,2026-09-05T06:03:00.830874+00:00
San Francisco,highest,J+1,2026-09-06,highest-temperature-in-san-francisco-on-september-6-2026,66-67°F,57652114136350367146353861923097933747205414012551059009716632102788296074393,0.07,51,0.1,57.55,2026-09-05T06:03:00.830874+00:00
San Francisco,highest,J+1,2026-09-06,highest-temperature-in-san-francisco-on-september-6-2026,68-69°F,98390249197058141284941524150026747035470350527137583370787874730732523545379,0.38,289.63,0.39,14.4,2026-09-05T06:03:00.830874+00:00
San Francisco,highest,J+1,2026-09-06,highest-temperature-in-san-francisco-on-september-6-2026,76-77°F,93729772233305013734498330789758291054978947905735793165032235103317278771073,,,0.03,87.19,2026-09-05T06:03:00.830874+00:00
San Francisco,highest,J+1,2026-09-06,highest-temperature-in-san-francisco-on-september-6-2026,78°F or higher,7497224844633132306188487252768039639349163255631250966481294116071593567444,,,0.01,50.5,2026-09-05T06:03:00.830874+00:00
San Francisco,lowest,J+0,2026-09-05,lowest-temperature-in-san-francisco-on-september-5-2026,47°F or below,99381795447716774776579435202747171463578711954416327638331972746389549411608,,,0.84,235,2026-09-05T06:03:03.786905+00:00
San Francisco,lowest,J+0,2026-09-05,lowest-temperature-in-san-francisco-on-september-5-2026,48-49°F,89739509178262359694691693380362302700049707854466940475566636903608187200269,,,0.07,25,2026-09-05T06:03:03.786905+00:00
San Francisco,lowest,J+0,2026-09-05,lowest-temperature-in-san-francisco-on-september-5-2026,50-51°F,54498031345848642243792537472049012647523218769284440945287668646547599245324,,,0.5,6,2026-09-05T06:03:03.786905+00:00
San Francisco,lowest,J+0,2026-09-05,lowest-temperature-in-san-francisco-on-september-5-2026,52-53°F,52696220063602104886027144846593800800884593051927065544521281270382073911682,0.01,37,0.49,10,2026-09-05T06:03:03.786905+00:00
San Francisco,lowest,J+0,2026-09-05,lowest-temperature-in-san-francisco-on-september-5-2026,54-55°F,51622244634213513022987622957378907440649073837370210778632052101816215084279,0.02,15,0.5,16,2026-09-05T06:03:03.786905+00:00
San Francisco,lowest,J+0,2026-09-05,lowest-temperature-in-san-francisco-on-september-5-2026,56-57°F,16819326413601437046946913137585707820571992057446946593526222442387272794238,0.25,200,0.54,3.95,2026-09-05T06:03:03.786905+00:00
San Francisco,lowest,J+0,2026-09-05,lowest-temperature-in-san-francisco-on-september-5-2026,58-59°F,32048696652499398167476737198554847941012039277974619131376371375954763553061,0.16,30,0.6,1,2026-09-05T06:03:03.786905+00:00
San Francisco,lowest,J+0,2026-09-05,lowest-temperature-in-san-francisco-on-september-5-2026,60-61°F,20837331318516067475685518793270845850005789674937397271012723343971871460997,0.01,37,0.48,10,2026-09-05T06:03:03.786905+00:00
San Francisco,lowest,J+0,2026-09-05,lowest-temperature-in-san-francisco-on-september-5-2026,62-63°F,46385027904296566150246135303939009343110122327378134666850179355531656623136,,,0.08,65.21,2026-09-05T06:03:03.786905+00:00
San Francisco,lowest,J+0,2026-09-05,lowest-temperature-in-san-francisco-on-september-5-2026,64-65°F,87286888330366623473538003402962179429529521153038170330852331963358169382488,,,0.08,65.21,2026-09-05T06:03:03.786905+00:00
San Francisco,lowest,J+0,2026-09-05,lowest-temperature-in-san-francisco-on-september-5-2026,66°F or higher,88976914872763364431017370524748355461386005405852221613507841732882411716413,,,0.67,165,2026-09-05T06:03:03.786905+00:00
San Francisco,lowest,J+1,2026-09-06,lowest-temperature-in-san-francisco-on-september-6-2026,54-55°F,110024503377615651011720970835661245655009841772202917167953305413080777787729,0.03,16,0.47,51.44,2026-09-05T06:03:06.745575+00:00
San Francisco,lowest,J+1,2026-09-06,lowest-temperature-in-san-francisco-on-september-6-2026,56-57°F,31568266456703058824301316542508193022724370986129203672947590050685725229599,0.22,10,0.54,6.52,2026-09-05T06:03:06.745575+00:00
San Francisco,lowest,J+1,2026-09-06,lowest-temperature-in-san-francisco-on-september-6-2026,60-61°F,90335789471760208798080697077539446260013687987804284026483314219394781429718,,,0.49,49.67,2026-09-05T06:03:06.745575+00:00
San Francisco,lowest,J+1,2026-09-06,lowest-temperature-in-san-francisco-on-september-6-2026,62-63°F,20510892091607946588413215818001210300756847651918132273282317034592970464234,,,0.49,52.67,2026-09-05T06:03:06.745575+00:00
San Francisco,lowest,J+1,2026-09-06,lowest-temperature-in-san-francisco-on-september-6-2026,49°F or below,89609600856622264371088281416574611260252118971498434130382810399798162646231,,,0.68,135,2026-09-05T06:03:06.745575+00:00
San Francisco,lowest,J+1,2026-09-06,lowest-temperature-in-san-francisco-on-september-6-2026,50-51°F,4931525928136823961949925059817819037301041908774791795383025382355186315162,,,0.19,75,2026-09-05T06:03:06.745575+00:00
San Francisco,lowest,J+1,2026-09-06,lowest-temperature-in-san-francisco-on-september-6-2026,52-53°F,52502238085064449039489987003664474664604381564555059867078747638920517395193,,,0.19,85,2026-09-05T06:03:06.745575+00:00
San Francisco,lowest,J+1,2026-09-06,lowest-temperature-in-san-francisco-on-september-6-2026,58-59°F,9800508103951781033020284824062220376196672348774405852965119053732257961219,0.28,170,0.6,5,2026-09-05T06:03:06.745575+00:00
San Francisco,lowest,J+1,2026-09-06,lowest-temperature-in-san-francisco-on-september-6-2026,64-65°F,78163240391528407402355936014792496129820309220994277605622916377231726067301,,,0.19,80,2026-09-05T06:03:06.745575+00:00
San Francisco,lowest,J+1,2026-09-06,lowest-temperature-in-san-francisco-on-september-6-2026,66-67°F,76690404096268109980795728453681542407383666925867792697449643775071908525049,,,0.3,100,2026-09-05T06:03:06.745575+00:00
San Francisco,lowest,J+1,2026-09-06,lowest-temperature-in-san-francisco-on-september-6-2026,68°F or higher,14355062059281815018322975351492594818970140839261233401370383337431350720785,,,0.53,96,2026-09-05T06:03:06.745575+00:00
